id,rank,kind,lon,lat,date,event_year
1_0_event+0,1,event,121.23589,24.24734,2019-06-12,2019
1_0_ctrl-30,1,ctrl,121.23589,24.24734,2019-05-13,2019
1_0_ctrl+30,1,ctrl,121.23589,24.24734,2019-07-12,2019
1_1_event+0,1,event,121.23589,24.24734,2020-06-01,2020
1_1_ctrl-30,1,ctrl,121.23589,24.24734,2020-05-02,2020
1_1_ctrl+30,1,ctrl,121.23589,24.24734,2020-07-01,2020
1_2_event+0,1,event,121.23589,24.24734,2021-06-25,2021
1_2_ctrl-30,1,ctrl,121.23589,24.24734,2021-05-26,2021
1_2_ctrl+30,1,ctrl,121.23589,24.24734,2021-07-25,2021
1_3_event+0,1,event,121.23589,24.24734,2021-08-06,2021
1_3_ctrl-30,1,ctrl,121.23589,24.24734,2021-07-07,2021
1_3_ctrl+30,1,ctrl,121.23589,24.24734,2021-09-05,2021
1_4_event+0,1,event,121.23589,24.24734,2022-03-28,2022
1_4_ctrl-30,1,ctrl,121.23589,24.24734,2022-02-26,2022
1_4_ctrl+30,1,ctrl,121.23589,24.24734,2022-04-27,2022
1_5_event+0,1,event,121.23589,24.24734,2022-07-31,2022
1_5_ctrl-30,1,ctrl,121.23589,24.24734,2022-07-01,2022
1_5_ctrl+30,1,ctrl,121.23589,24.24734,2022-08-30,2022
1_6_event+0,1,event,121.23589,24.24734,2022-09-17,2022
1_6_ctrl-30,1,ctrl,121.23589,24.24734,2022-08-18,2022
1_6_ctrl+30,1,ctrl,121.23589,24.24734,2022-10-17,2022
1_7_event+0,1,event,121.23589,24.24734,2022-10-27,2022
1_7_ctrl-30,1,ctrl,121.23589,24.24734,2022-09-27,2022
1_7_ctrl+30,1,ctrl,121.23589,24.24734,2022-11-26,2022
1_8_event+0,1,event,121.23589,24.24734,2024-07-25,2024
1_8_ctrl-30,1,ctrl,121.23589,24.24734,2024-06-25,2024
1_8_ctrl+30,1,ctrl,121.23589,24.24734,2024-08-24,2024
1_9_event+0,1,event,121.23589,24.24734,2024-10-31,2024
1_9_ctrl-30,1,ctrl,121.23589,24.24734,2024-10-01,2024
1_9_ctrl+30,1,ctrl,121.23589,24.24734,2024-11-30,2024
2_8_event+0,2,event,120.85504,23.52792,2017-06-08,2017
2_8_ctrl-30,2,ctrl,120.85504,23.52792,2017-05-09,2017
2_8_ctrl+30,2,ctrl,120.85504,23.52792,2017-07-08,2017
2_9_event+0,2,event,120.85504,23.52792,2022-10-16,2022
2_9_ctrl-30,2,ctrl,120.85504,23.52792,2022-09-16,2022
2_9_ctrl+30,2,ctrl,120.85504,23.52792,2022-11-15,2022
3_2_event+0,3,event,120.56302,23.37265,2019-08-13,2019
3_2_ctrl-30,3,ctrl,120.56302,23.37265,2019-07-14,2019
3_2_ctrl+30,3,ctrl,120.56302,23.37265,2019-09-12,2019
3_3_event+0,3,event,120.56302,23.37265,2019-08-23,2019
3_3_ctrl-30,3,ctrl,120.56302,23.37265,2019-07-24,2019
3_3_ctrl+30,3,ctrl,120.56302,23.37265,2019-09-22,2019
3_4_event+0,3,event,120.56302,23.37265,2023-09-10,2023
3_4_ctrl-30,3,ctrl,120.56302,23.37265,2023-08-11,2023
3_4_ctrl+30,3,ctrl,120.56302,23.37265,2023-10-10,2023
3_5_event+0,3,event,120.56302,23.37265,2024-06-07,2024
3_5_ctrl-30,3,ctrl,120.56302,23.37265,2024-05-08,2024
3_5_ctrl+30,3,ctrl,120.56302,23.37265,2024-07-07,2024
3_6_event+0,3,event,120.56302,23.37265,2024-09-05,2024
3_6_ctrl-30,3,ctrl,120.56302,23.37265,2024-08-06,2024
3_6_ctrl+30,3,ctrl,120.56302,23.37265,2024-10-05,2024
3_7_event+0,3,event,120.56302,23.37265,2024-11-02,2024
3_7_ctrl-30,3,ctrl,120.56302,23.37265,2024-10-03,2024
3_7_ctrl+30,3,ctrl,120.56302,23.37265,2024-12-02,2024
3_8_event+0,3,event,120.56302,23.37265,2024-11-25,2024
3_8_ctrl-30,3,ctrl,120.56302,23.37265,2024-10-26,2024
3_8_ctrl+30,3,ctrl,120.56302,23.37265,2024-12-25,2024
4_1_event+0,4,event,120.9149,23.5696,2023-08-23,2023
4_1_ctrl-30,4,ctrl,120.9149,23.5696,2023-07-24,2023
4_1_ctrl+30,4,ctrl,120.9149,23.5696,2023-09-22,2023
4_2_event+0,4,event,120.9149,23.5696,2023-08-25,2023
4_2_ctrl-30,4,ctrl,120.9149,23.5696,2023-07-26,2023
4_2_ctrl+30,4,ctrl,120.9149,23.5696,2023-09-24,2023
4_3_event+0,4,event,120.9149,23.5696,2023-09-03,2023
4_3_ctrl-30,4,ctrl,120.9149,23.5696,2023-08-04,2023
4_3_ctrl+30,4,ctrl,120.9149,23.5696,2023-10-03,2023
4_4_event+0,4,event,120.9149,23.5696,2024-05-28,2024
4_4_ctrl-30,4,ctrl,120.9149,23.5696,2024-04-28,2024
4_4_ctrl+30,4,ctrl,120.9149,23.5696,2024-06-27,2024
4_5_event+0,4,event,120.9149,23.5696,2024-07-25,2024
4_5_ctrl-30,4,ctrl,120.9149,23.5696,2024-06-25,2024
4_5_ctrl+30,4,ctrl,120.9149,23.5696,2024-08-24,2024
4_6_event+0,4,event,120.9149,23.5696,2024-10-31,2024
4_6_ctrl-30,4,ctrl,120.9149,23.5696,2024-10-01,2024
4_6_ctrl+30,4,ctrl,120.9149,23.5696,2024-11-30,2024
6_4_event+0,6,event,121.18322,24.02272,2017-06-09,2017
6_4_ctrl-30,6,ctrl,121.18322,24.02272,2017-05-10,2017
6_4_ctrl+30,6,ctrl,121.18322,24.02272,2017-07-09,2017
6_5_event+0,6,event,121.18322,24.02272,2023-08-04,2023
6_5_ctrl-30,6,ctrl,121.18322,24.02272,2023-07-05,2023
6_5_ctrl+30,6,ctrl,121.18322,24.02272,2023-09-03,2023
6_6_event+0,6,event,121.18322,24.02272,2024-05-21,2024
6_6_ctrl-30,6,ctrl,121.18322,24.02272,2024-04-21,2024
6_6_ctrl+30,6,ctrl,121.18322,24.02272,2024-06-20,2024
7_5_event+0,7,event,121.37973,23.64152,2019-08-24,2019
7_5_ctrl-30,7,ctrl,121.37973,23.64152,2019-07-25,2019
7_5_ctrl+30,7,ctrl,121.37973,23.64152,2019-09-23,2019
7_6_event+0,7,event,121.37973,23.64152,2024-05-10,2024
7_6_ctrl-30,7,ctrl,121.37973,23.64152,2024-04-10,2024
7_6_ctrl+30,7,ctrl,121.37973,23.64152,2024-06-09,2024
8_4_event+0,8,event,120.92271,22.45184,2016-09-15,2016
8_4_ctrl-30,8,ctrl,120.92271,22.45184,2016-08-16,2016
8_4_ctrl+30,8,ctrl,120.92271,22.45184,2016-10-15,2016
8_5_event+0,8,event,120.92271,22.45184,2016-09-28,2016
8_5_ctrl-30,8,ctrl,120.92271,22.45184,2016-08-29,2016
8_5_ctrl+30,8,ctrl,120.92271,22.45184,2016-10-28,2016
8_6_event+0,8,event,120.92271,22.45184,2018-08-26,2018
8_6_ctrl-30,8,ctrl,120.92271,22.45184,2018-07-27,2018
8_6_ctrl+30,8,ctrl,120.92271,22.45184,2018-09-25,2018
9_1_event+0,9,event,120.68743,23.95588,2019-07-18,2019
9_1_ctrl-30,9,ctrl,120.68743,23.95588,2019-06-18,2019
9_1_ctrl+30,9,ctrl,120.68743,23.95588,2019-08-17,2019
9_2_event+0,9,event,120.68743,23.95588,2019-08-12,2019
9_2_ctrl-30,9,ctrl,120.68743,23.95588,2019-07-13,2019
9_2_ctrl+30,9,ctrl,120.68743,23.95588,2019-09-11,2019
9_3_event+0,9,event,120.68743,23.95588,2021-04-08,2021
9_3_ctrl-30,9,ctrl,120.68743,23.95588,2021-03-09,2021
9_3_ctrl+30,9,ctrl,120.68743,23.95588,2021-05-08,2021
9_4_event+0,9,event,120.68743,23.95588,2021-08-04,2021
9_4_ctrl-30,9,ctrl,120.68743,23.95588,2021-07-05,2021
9_4_ctrl+30,9,ctrl,120.68743,23.95588,2021-09-03,2021
9_5_event+0,9,event,120.68743,23.95588,2022-03-29,2022
9_5_ctrl-30,9,ctrl,120.68743,23.95588,2022-02-27,2022
9_5_ctrl+30,9,ctrl,120.68743,23.95588,2022-04-28,2022
9_6_event+0,9,event,120.68743,23.95588,2023-07-22,2023
9_6_ctrl-30,9,ctrl,120.68743,23.95588,2023-06-22,2023
9_6_ctrl+30,9,ctrl,120.68743,23.95588,2023-08-21,2023
10_4_event+0,10,event,120.64882,22.90398,2022-10-17,2022
10_4_ctrl-30,10,ctrl,120.64882,22.90398,2022-09-17,2022
10_4_ctrl+30,10,ctrl,120.64882,22.90398,2022-11-16,2022
11_5_event+0,11,event,120.60928,23.59343,2016-07-07,2016
11_5_ctrl-30,11,ctrl,120.60928,23.59343,2016-06-07,2016
11_5_ctrl+30,11,ctrl,120.60928,23.59343,2016-08-06,2016
12_3_event+0,12,event,120.61399,23.09617,2024-09-10,2024
12_3_ctrl-30,12,ctrl,120.61399,23.09617,2024-08-11,2024
12_3_ctrl+30,12,ctrl,120.61399,23.09617,2024-10-10,2024
13_1_event+0,13,event,121.15602,23.95793,2019-05-18,2019
13_1_ctrl-30,13,ctrl,121.15602,23.95793,2019-04-18,2019
13_1_ctrl+30,13,ctrl,121.15602,23.95793,2019-06-17,2019
13_2_event+0,13,event,121.15602,23.95793,2023-08-08,2023
13_2_ctrl-30,13,ctrl,121.15602,23.95793,2023-07-09,2023
13_2_ctrl+30,13,ctrl,121.15602,23.95793,2023-09-07,2023
13_3_event+0,13,event,121.15602,23.95793,2024-06-07,2024
13_3_ctrl-30,13,ctrl,121.15602,23.95793,2024-05-08,2024
13_3_ctrl+30,13,ctrl,121.15602,23.95793,2024-07-07,2024
13_4_event+0,13,event,121.15602,23.95793,2024-07-19,2024
13_4_ctrl-30,13,ctrl,121.15602,23.95793,2024-06-19,2024
13_4_ctrl+30,13,ctrl,121.15602,23.95793,2024-08-18,2024
14_4_event+0,14,event,121.18746,24.02278,2023-10-05,2023
14_4_ctrl-30,14,ctrl,121.18746,24.02278,2023-09-05,2023
14_4_ctrl+30,14,ctrl,121.18746,24.02278,2023-11-04,2023
14_5_event+0,14,event,121.18746,24.02278,2024-05-21,2024
14_5_ctrl-30,14,ctrl,121.18746,24.02278,2024-04-21,2024
14_5_ctrl+30,14,ctrl,121.18746,24.02278,2024-06-20,2024
15_3_event+0,15,event,121.10199,24.01182,2019-06-12,2019
15_3_ctrl-30,15,ctrl,121.10199,24.01182,2019-05-13,2019
15_3_ctrl+30,15,ctrl,121.10199,24.01182,2019-07-12,2019
15_4_event+0,15,event,121.10199,24.01182,2019-07-29,2019
15_4_ctrl-30,15,ctrl,121.10199,24.01182,2019-06-29,2019
15_4_ctrl+30,15,ctrl,121.10199,24.01182,2019-08-28,2019
15_5_event+0,15,event,121.10199,24.01182,2023-08-06,2023
15_5_ctrl-30,15,ctrl,121.10199,24.01182,2023-07-07,2023
15_5_ctrl+30,15,ctrl,121.10199,24.01182,2023-09-05,2023
16_5_event+0,16,event,120.85173,23.51847,2017-06-01,2017
16_5_ctrl-30,16,ctrl,120.85173,23.51847,2017-05-02,2017
16_5_ctrl+30,16,ctrl,120.85173,23.51847,2017-07-01,2017
18_0_event+0,18,event,121.18325,24.11392,2021-08-01,2021
18_0_ctrl-30,18,ctrl,121.18325,24.11392,2021-07-02,2021
18_0_ctrl+30,18,ctrl,121.18325,24.11392,2021-08-31,2021
18_1_event+0,18,event,121.18325,24.11392,2022-02-22,2022
18_1_ctrl-30,18,ctrl,121.18325,24.11392,2022-01-23,2022
18_1_ctrl+30,18,ctrl,121.18325,24.11392,2022-03-24,2022
18_2_event+0,18,event,121.18325,24.11392,2022-03-27,2022
18_2_ctrl-30,18,ctrl,121.18325,24.11392,2022-02-25,2022
18_2_ctrl+30,18,ctrl,121.18325,24.11392,2022-04-26,2022
20_0_event+0,20,event,121.66158,24.19276,2022-02-24,2022
20_0_ctrl-30,20,ctrl,121.66158,24.19276,2022-01-25,2022
20_0_ctrl+30,20,ctrl,121.66158,24.19276,2022-03-26,2022
20_1_event+0,20,event,121.66158,24.19276,2024-09-30,2024
20_1_ctrl-30,20,ctrl,121.66158,24.19276,2024-08-31,2024
20_1_ctrl+30,20,ctrl,121.66158,24.19276,2024-10-30,2024
21_0_event+0,21,event,121.13959,24.49527,2024-04-24,2024
21_0_ctrl-30,21,ctrl,121.13959,24.49527,2024-03-25,2024
21_0_ctrl+30,21,ctrl,121.13959,24.49527,2024-05-24,2024
21_1_event+0,21,event,121.13959,24.49527,2024-06-04,2024
21_1_ctrl-30,21,ctrl,121.13959,24.49527,2024-05-05,2024
21_1_ctrl+30,21,ctrl,121.13959,24.49527,2024-07-04,2024
22_0_event+0,22,event,121.68119,24.21173,2019-05-24,2019
22_0_ctrl-30,22,ctrl,121.68119,24.21173,2019-04-24,2019
22_0_ctrl+30,22,ctrl,121.68119,24.21173,2019-06-23,2019
22_1_event+0,22,event,121.68119,24.21173,2023-01-11,2023
22_1_ctrl-30,22,ctrl,121.68119,24.21173,2022-12-12,2023
22_1_ctrl+30,22,ctrl,121.68119,24.21173,2023-02-10,2023
22_2_event+0,22,event,121.68119,24.21173,2024-04-22,2024
22_2_ctrl-30,22,ctrl,121.68119,24.21173,2024-03-23,2024
22_2_ctrl+30,22,ctrl,121.68119,24.21173,2024-05-22,2024
23_2_event+0,23,event,120.64847,22.91326,2019-08-15,2019
23_2_ctrl-30,23,ctrl,120.64847,22.91326,2019-07-16,2019
23_2_ctrl+30,23,ctrl,120.64847,22.91326,2019-09-14,2019
23_3_event+0,23,event,120.64847,22.91326,2024-08-08,2024
23_3_ctrl-30,23,ctrl,120.64847,22.91326,2024-07-09,2024
23_3_ctrl+30,23,ctrl,120.64847,22.91326,2024-09-07,2024
24_2_event+0,24,event,120.65334,22.98178,2019-08-19,2019
24_2_ctrl-30,24,ctrl,120.65334,22.98178,2019-07-20,2019
24_2_ctrl+30,24,ctrl,120.65334,22.98178,2019-09-18,2019
24_3_event+0,24,event,120.65334,22.98178,2024-07-25,2024
24_3_ctrl-30,24,ctrl,120.65334,22.98178,2024-06-25,2024
24_3_ctrl+30,24,ctrl,120.65334,22.98178,2024-08-24,2024
25_3_event+0,25,event,120.68308,23.06484,2021-08-07,2021
25_3_ctrl-30,25,ctrl,120.68308,23.06484,2021-07-08,2021
25_3_ctrl+30,25,ctrl,120.68308,23.06484,2021-09-06,2021
25_4_event+0,25,event,120.68308,23.06484,2024-09-11,2024
25_4_ctrl-30,25,ctrl,120.68308,23.06484,2024-08-12,2024
25_4_ctrl+30,25,ctrl,120.68308,23.06484,2024-10-11,2024
26_3_event+0,26,event,120.85367,23.70837,2017-06-06,2017
26_3_ctrl-30,26,ctrl,120.85367,23.70837,2017-05-07,2017
26_3_ctrl+30,26,ctrl,120.85367,23.70837,2017-07-06,2017
26_4_event+0,26,event,120.85367,23.70837,2024-07-27,2024
26_4_ctrl-30,26,ctrl,120.85367,23.70837,2024-06-27,2024
26_4_ctrl+30,26,ctrl,120.85367,23.70837,2024-08-26,2024
27_4_event+0,27,event,121.0857,24.00318,2023-01-01,2023
27_4_ctrl-30,27,ctrl,121.0857,24.00318,2022-12-02,2023
27_4_ctrl+30,27,ctrl,121.0857,24.00318,2023-01-31,2023
30_0_event+0,30,event,121.02864,24.54844,2019-08-10,2019
30_0_ctrl-30,30,ctrl,121.02864,24.54844,2019-07-11,2019
30_0_ctrl+30,30,ctrl,121.02864,24.54844,2019-09-09,2019
30_1_event+0,30,event,121.02864,24.54844,2022-07-03,2022
30_1_ctrl-30,30,ctrl,121.02864,24.54844,2022-06-03,2022
30_1_ctrl+30,30,ctrl,121.02864,24.54844,2022-08-02,2022
30_2_event+0,30,event,121.02864,24.54844,2022-09-07,2022
30_2_ctrl-30,30,ctrl,121.02864,24.54844,2022-08-08,2022
30_2_ctrl+30,30,ctrl,121.02864,24.54844,2022-10-07,2022
30_3_event+0,30,event,121.02864,24.54844,2024-10-31,2024
30_3_ctrl-30,30,ctrl,121.02864,24.54844,2024-10-01,2024
30_3_ctrl+30,30,ctrl,121.02864,24.54844,2024-11-30,2024
31_0_event+0,31,event,120.6511,22.97299,2019-08-20,2019
31_0_ctrl-30,31,ctrl,120.6511,22.97299,2019-07-21,2019
31_0_ctrl+30,31,ctrl,120.6511,22.97299,2019-09-19,2019
31_1_event+0,31,event,120.6511,22.97299,2021-08-04,2021
31_1_ctrl-30,31,ctrl,120.6511,22.97299,2021-07-05,2021
31_1_ctrl+30,31,ctrl,120.6511,22.97299,2021-09-03,2021
31_2_event+0,31,event,120.6511,22.97299,2021-08-05,2021
31_2_ctrl-30,31,ctrl,120.6511,22.97299,2021-07-06,2021
31_2_ctrl+30,31,ctrl,120.6511,22.97299,2021-09-04,2021
31_3_event+0,31,event,120.6511,22.97299,2024-07-29,2024
31_3_ctrl-30,31,ctrl,120.6511,22.97299,2024-06-29,2024
31_3_ctrl+30,31,ctrl,120.6511,22.97299,2024-08-28,2024
32_2_event+0,32,event,120.67035,23.01087,2017-07-31,2017
32_2_ctrl-30,32,ctrl,120.67035,23.01087,2017-07-01,2017
32_2_ctrl+30,32,ctrl,120.67035,23.01087,2017-08-30,2017
32_3_event+0,32,event,120.67035,23.01087,2024-07-19,2024
32_3_ctrl-30,32,ctrl,120.67035,23.01087,2024-06-19,2024
32_3_ctrl+30,32,ctrl,120.67035,23.01087,2024-08-18,2024
32_4_event+0,32,event,120.67035,23.01087,2024-08-15,2024
32_4_ctrl-30,32,ctrl,120.67035,23.01087,2024-07-16,2024
32_4_ctrl+30,32,ctrl,120.67035,23.01087,2024-09-14,2024
33_0_event+0,33,event,120.78767,23.18901,2017-08-14,2017
33_0_ctrl-30,33,ctrl,120.78767,23.18901,2017-07-15,2017
33_0_ctrl+30,33,ctrl,120.78767,23.18901,2017-09-13,2017
33_1_event+0,33,event,120.78767,23.18901,2021-08-13,2021
33_1_ctrl-30,33,ctrl,120.78767,23.18901,2021-07-14,2021
33_1_ctrl+30,33,ctrl,120.78767,23.18901,2021-09-12,2021
33_2_event+0,33,event,120.78767,23.18901,2023-08-09,2023
33_2_ctrl-30,33,ctrl,120.78767,23.18901,2023-07-10,2023
33_2_ctrl+30,33,ctrl,120.78767,23.18901,2023-09-08,2023
33_3_event+0,33,event,120.78767,23.18901,2024-07-26,2024
33_3_ctrl-30,33,ctrl,120.78767,23.18901,2024-06-26,2024
33_3_ctrl+30,33,ctrl,120.78767,23.18901,2024-08-25,2024
33_4_event+0,33,event,120.78767,23.18901,2024-10-03,2024
33_4_ctrl-30,33,ctrl,120.78767,23.18901,2024-09-03,2024
33_4_ctrl+30,33,ctrl,120.78767,23.18901,2024-11-02,2024
38_0_event+0,38,event,121.03289,24.60056,2022-05-17,2022
38_0_ctrl-30,38,ctrl,121.03289,24.60056,2022-04-17,2022
38_0_ctrl+30,38,ctrl,121.03289,24.60056,2022-06-16,2022
38_1_event+0,38,event,121.03289,24.60056,2022-07-30,2022
38_1_ctrl-30,38,ctrl,121.03289,24.60056,2022-06-30,2022
38_1_ctrl+30,38,ctrl,121.03289,24.60056,2022-08-29,2022
38_2_event+0,38,event,121.03289,24.60056,2022-09-03,2022
38_2_ctrl-30,38,ctrl,121.03289,24.60056,2022-08-04,2022
38_2_ctrl+30,38,ctrl,121.03289,24.60056,2022-10-03,2022
38_3_event+0,38,event,121.03289,24.60056,2022-10-24,2022
38_3_ctrl-30,38,ctrl,121.03289,24.60056,2022-09-24,2022
38_3_ctrl+30,38,ctrl,121.03289,24.60056,2022-11-23,2022
38_4_event+0,38,event,121.03289,24.60056,2023-04-19,2023
38_4_ctrl-30,38,ctrl,121.03289,24.60056,2023-03-20,2023
38_4_ctrl+30,38,ctrl,121.03289,24.60056,2023-05-19,2023
39_0_event+0,39,event,120.91325,24.45761,2019-03-14,2019
39_0_ctrl-30,39,ctrl,120.91325,24.45761,2019-02-12,2019
39_0_ctrl+30,39,ctrl,120.91325,24.45761,2019-04-13,2019
39_1_event+0,39,event,120.91325,24.45761,2021-08-07,2021
39_1_ctrl-30,39,ctrl,120.91325,24.45761,2021-07-08,2021
39_1_ctrl+30,39,ctrl,120.91325,24.45761,2021-09-06,2021
39_2_event+0,39,event,120.91325,24.45761,2022-05-27,2022
39_2_ctrl-30,39,ctrl,120.91325,24.45761,2022-04-27,2022
39_2_ctrl+30,39,ctrl,120.91325,24.45761,2022-06-26,2022
40_0_event+0,40,event,121.12147,24.01475,2017-06-09,2017
40_0_ctrl-30,40,ctrl,121.12147,24.01475,2017-05-10,2017
40_0_ctrl+30,40,ctrl,121.12147,24.01475,2017-07-09,2017
40_1_event+0,40,event,121.12147,24.01475,2023-08-04,2023
40_1_ctrl-30,40,ctrl,121.12147,24.01475,2023-07-05,2023
40_1_ctrl+30,40,ctrl,121.12147,24.01475,2023-09-03,2023
41_0_event+0,41,event,120.91892,24.46606,2022-02-18,2022
41_0_ctrl-30,41,ctrl,120.91892,24.46606,2022-01-19,2022
41_0_ctrl+30,41,ctrl,120.91892,24.46606,2022-03-20,2022
41_1_event+0,41,event,120.91892,24.46606,2023-07-31,2023
41_1_ctrl-30,41,ctrl,120.91892,24.46606,2023-07-01,2023
41_1_ctrl+30,41,ctrl,120.91892,24.46606,2023-08-30,2023
42_0_event+0,42,event,120.69672,23.10727,2021-08-02,2021
42_0_ctrl-30,42,ctrl,120.69672,23.10727,2021-07-03,2021
42_0_ctrl+30,42,ctrl,120.69672,23.10727,2021-09-01,2021
43_1_event+0,43,event,120.74633,23.06484,2018-08-25,2018
43_1_ctrl-30,43,ctrl,120.74633,23.06484,2018-07-26,2018
43_1_ctrl+30,43,ctrl,120.74633,23.06484,2018-09-24,2018
43_2_event+0,43,event,120.74633,23.06484,2021-08-08,2021
43_2_ctrl-30,43,ctrl,120.74633,23.06484,2021-07-09,2021
43_2_ctrl+30,43,ctrl,120.74633,23.06484,2021-09-07,2021
44_1_event+0,44,event,120.85453,23.70095,2017-06-04,2017
44_1_ctrl-30,44,ctrl,120.85453,23.70095,2017-05-05,2017
44_1_ctrl+30,44,ctrl,120.85453,23.70095,2017-07-04,2017
44_2_event+0,44,event,120.85453,23.70095,2024-07-25,2024
44_2_ctrl-30,44,ctrl,120.85453,23.70095,2024-06-25,2024
44_2_ctrl+30,44,ctrl,120.85453,23.70095,2024-08-24,2024
45_3_event+0,45,event,120.86826,23.56235,2024-10-03,2024
45_3_ctrl-30,45,ctrl,120.86826,23.56235,2024-09-03,2024
45_3_ctrl+30,45,ctrl,120.86826,23.56235,2024-11-02,2024
46_2_event+0,46,event,120.66605,23.01414,2021-08-10,2021
46_2_ctrl-30,46,ctrl,120.66605,23.01414,2021-07-11,2021
46_2_ctrl+30,46,ctrl,120.66605,23.01414,2021-09-09,2021
46_3_event+0,46,event,120.66605,23.01414,2024-09-11,2024
46_3_ctrl-30,46,ctrl,120.66605,23.01414,2024-08-12,2024
46_3_ctrl+30,46,ctrl,120.66605,23.01414,2024-10-11,2024
47_3_event+0,47,event,120.73883,23.52847,2024-09-06,2024
47_3_ctrl-30,47,ctrl,120.73883,23.52847,2024-08-07,2024
47_3_ctrl+30,47,ctrl,120.73883,23.52847,2024-10-06,2024
48_2_event+0,48,event,120.64865,22.9813,2019-08-16,2019
48_2_ctrl-30,48,ctrl,120.64865,22.9813,2019-07-17,2019
48_2_ctrl+30,48,ctrl,120.64865,22.9813,2019-09-15,2019
48_3_event+0,48,event,120.64865,22.9813,2024-07-29,2024
48_3_ctrl-30,48,ctrl,120.64865,22.9813,2024-06-29,2024
48_3_ctrl+30,48,ctrl,120.64865,22.9813,2024-08-28,2024
49_2_event+0,49,event,120.80313,23.22112,2017-06-14,2017
49_2_ctrl-30,49,ctrl,120.80313,23.22112,2017-05-15,2017
49_2_ctrl+30,49,ctrl,120.80313,23.22112,2017-07-14,2017
49_3_event+0,49,event,120.80313,23.22112,2024-11-01,2024
49_3_ctrl-30,49,ctrl,120.80313,23.22112,2024-10-02,2024
49_3_ctrl+30,49,ctrl,120.80313,23.22112,2024-12-01,2024
50_3_event+0,50,event,120.87687,23.66829,2021-07-28,2021
50_3_ctrl-30,50,ctrl,120.87687,23.66829,2021-06-28,2021
50_3_ctrl+30,50,ctrl,120.87687,23.66829,2021-08-27,2021
51_3_event+0,51,event,120.73412,23.53064,2019-05-20,2019
51_3_ctrl-30,51,ctrl,120.73412,23.53064,2019-04-20,2019
51_3_ctrl+30,51,ctrl,120.73412,23.53064,2019-06-19,2019
52_3_event+0,52,event,120.87871,23.57529,2017-06-08,2017
52_3_ctrl-30,52,ctrl,120.87871,23.57529,2017-05-09,2017
52_3_ctrl+30,52,ctrl,120.87871,23.57529,2017-07-08,2017
53_3_event+0,53,event,120.67953,23.08607,2016-01-01,2016
53_3_ctrl-30,53,ctrl,120.67953,23.08607,2015-12-02,2016
53_3_ctrl+30,53,ctrl,120.67953,23.08607,2016-01-31,2016
61_0_event+0,61,event,121.03173,23.18311,2019-05-25,2019
61_0_ctrl-30,61,ctrl,121.03173,23.18311,2019-04-25,2019
61_0_ctrl+30,61,ctrl,121.03173,23.18311,2019-06-24,2019
62_0_event+0,62,event,121.78898,24.41211,2020-12-01,2020
62_0_ctrl-30,62,ctrl,121.78898,24.41211,2020-11-01,2020
62_0_ctrl+30,62,ctrl,121.78898,24.41211,2020-12-31,2020
62_1_event+0,62,event,121.78898,24.41211,2023-01-06,2023
62_1_ctrl-30,62,ctrl,121.78898,24.41211,2022-12-07,2023
62_1_ctrl+30,62,ctrl,121.78898,24.41211,2023-02-05,2023
62_2_event+0,62,event,121.78898,24.41211,2023-06-04,2023
62_2_ctrl-30,62,ctrl,121.78898,24.41211,2023-05-05,2023
62_2_ctrl+30,62,ctrl,121.78898,24.41211,2023-07-04,2023
63_1_event+0,63,event,120.86204,23.71571,2024-07-27,2024
63_1_ctrl-30,63,ctrl,120.86204,23.71571,2024-06-27,2024
63_1_ctrl+30,63,ctrl,120.86204,23.71571,2024-08-26,2024
64_0_event+0,64,event,121.11241,23.1375,2019-09-07,2019
64_0_ctrl-30,64,ctrl,121.11241,23.1375,2019-08-08,2019
64_0_ctrl+30,64,ctrl,121.11241,23.1375,2019-10-07,2019
64_1_event+0,64,event,121.11241,23.1375,2020-11-06,2020
64_1_ctrl-30,64,ctrl,121.11241,23.1375,2020-10-07,2020
64_1_ctrl+30,64,ctrl,121.11241,23.1375,2020-12-06,2020
65_0_event+0,65,event,121.00365,23.23916,2023-05-27,2023
65_0_ctrl-30,65,ctrl,121.00365,23.23916,2023-04-27,2023
65_0_ctrl+30,65,ctrl,121.00365,23.23916,2023-06-26,2023
65_1_event+0,65,event,121.00365,23.23916,2023-09-22,2023
65_1_ctrl-30,65,ctrl,121.00365,23.23916,2023-08-23,2023
65_1_ctrl+30,65,ctrl,121.00365,23.23916,2023-10-22,2023
65_2_event+0,65,event,121.00365,23.23916,2024-06-08,2024
65_2_ctrl-30,65,ctrl,121.00365,23.23916,2024-05-09,2024
65_2_ctrl+30,65,ctrl,121.00365,23.23916,2024-07-08,2024
66_3_event+0,66,event,120.74622,23.59147,2024-10-04,2024
66_3_ctrl-30,66,ctrl,120.74622,23.59147,2024-09-04,2024
66_3_ctrl+30,66,ctrl,120.74622,23.59147,2024-11-03,2024
67_3_event+0,67,event,121.78704,24.47381,2023-10-21,2023
67_3_ctrl-30,67,ctrl,121.78704,24.47381,2023-09-21,2023
67_3_ctrl+30,67,ctrl,121.78704,24.47381,2023-11-20,2023
68_3_event+0,68,event,121.09642,24.00331,2023-08-29,2023
68_3_ctrl-30,68,ctrl,121.09642,24.00331,2023-07-30,2023
68_3_ctrl+30,68,ctrl,121.09642,24.00331,2023-09-28,2023
69_0_event+0,69,event,121.49959,23.96425,2018-09-16,2018
69_0_ctrl-30,69,ctrl,121.49959,23.96425,2018-08-17,2018
69_0_ctrl+30,69,ctrl,121.49959,23.96425,2018-10-16,2018
69_1_event+0,69,event,121.49959,23.96425,2021-10-12,2021
69_1_ctrl-30,69,ctrl,121.49959,23.96425,2021-09-12,2021
69_1_ctrl+30,69,ctrl,121.49959,23.96425,2021-11-11,2021
69_2_event+0,69,event,121.49959,23.96425,2023-07-27,2023
69_2_ctrl-30,69,ctrl,121.49959,23.96425,2023-06-27,2023
69_2_ctrl+30,69,ctrl,121.49959,23.96425,2023-08-26,2023
69_3_event+0,69,event,121.49959,23.96425,2023-09-04,2023
69_3_ctrl-30,69,ctrl,121.49959,23.96425,2023-08-05,2023
69_3_ctrl+30,69,ctrl,121.49959,23.96425,2023-10-04,2023
70_1_event+0,70,event,120.93019,22.42059,2021-10-13,2021
70_1_ctrl-30,70,ctrl,120.93019,22.42059,2021-09-13,2021
70_1_ctrl+30,70,ctrl,120.93019,22.42059,2021-11-12,2021
70_2_event+0,70,event,120.93019,22.42059,2021-10-18,2021
70_2_ctrl-30,70,ctrl,120.93019,22.42059,2021-09-18,2021
70_2_ctrl+30,70,ctrl,120.93019,22.42059,2021-11-17,2021
70_3_event+0,70,event,120.93019,22.42059,2023-07-27,2023
70_3_ctrl-30,70,ctrl,120.93019,22.42059,2023-06-27,2023
70_3_ctrl+30,70,ctrl,120.93019,22.42059,2023-08-26,2023
71_3_event+0,71,event,120.96978,24.17269,2023-08-04,2023
71_3_ctrl-30,71,ctrl,120.96978,24.17269,2023-07-05,2023
71_3_ctrl+30,71,ctrl,120.96978,24.17269,2023-09-03,2023
72_3_event+0,72,event,121.55074,24.849,2021-07-13,2021
72_3_ctrl-30,72,ctrl,121.55074,24.849,2021-06-13,2021
72_3_ctrl+30,72,ctrl,121.55074,24.849,2021-08-12,2021
75_0_event+0,75,event,120.86523,24.40733,2021-06-25,2021
75_0_ctrl-30,75,ctrl,120.86523,24.40733,2021-05-26,2021
75_0_ctrl+30,75,ctrl,120.86523,24.40733,2021-07-25,2021
75_1_event+0,75,event,120.86523,24.40733,2021-08-04,2021
75_1_ctrl-30,75,ctrl,120.86523,24.40733,2021-07-05,2021
75_1_ctrl+30,75,ctrl,120.86523,24.40733,2021-09-03,2021
76_0_event+0,76,event,121.66648,24.20691,2024-04-03,2024
76_0_ctrl-30,76,ctrl,121.66648,24.20691,2024-03-04,2024
76_0_ctrl+30,76,ctrl,121.66648,24.20691,2024-05-03,2024
76_1_event+0,76,event,121.66648,24.20691,2024-07-24,2024
76_1_ctrl-30,76,ctrl,121.66648,24.20691,2024-06-24,2024
76_1_ctrl+30,76,ctrl,121.66648,24.20691,2024-08-23,2024
76_2_event+0,76,event,121.66648,24.20691,2024-11-01,2024
76_2_ctrl-30,76,ctrl,121.66648,24.20691,2024-10-02,2024
76_2_ctrl+30,76,ctrl,121.66648,24.20691,2024-12-01,2024
77_2_event+0,77,event,120.67981,22.91066,2024-04-01,2024
77_2_ctrl-30,77,ctrl,120.67981,22.91066,2024-03-02,2024
77_2_ctrl+30,77,ctrl,120.67981,22.91066,2024-05-01,2024
77_3_event+0,77,event,120.67981,22.91066,2024-09-13,2024
77_3_ctrl-30,77,ctrl,120.67981,22.91066,2024-08-14,2024
77_3_ctrl+30,77,ctrl,120.67981,22.91066,2024-10-13,2024
78_2_event+0,78,event,121.71832,24.24722,2022-05-23,2022
78_2_ctrl-30,78,ctrl,121.71832,24.24722,2022-04-23,2022
78_2_ctrl+30,78,ctrl,121.71832,24.24722,2022-06-22,2022
78_3_event+0,78,event,121.71832,24.24722,2024-06-30,2024
78_3_ctrl-30,78,ctrl,121.71832,24.24722,2024-05-31,2024
78_3_ctrl+30,78,ctrl,121.71832,24.24722,2024-07-30,2024
79_0_event+0,79,event,121.13112,24.25011,2019-03-14,2019
79_0_ctrl-30,79,ctrl,121.13112,24.25011,2019-02-12,2019
79_0_ctrl+30,79,ctrl,121.13112,24.25011,2019-04-13,2019
79_1_event+0,79,event,121.13112,24.25011,2024-06-02,2024
79_1_ctrl-30,79,ctrl,121.13112,24.25011,2024-05-03,2024
79_1_ctrl+30,79,ctrl,121.13112,24.25011,2024-07-02,2024
79_2_event+0,79,event,121.13112,24.25011,2024-08-24,2024
79_2_ctrl-30,79,ctrl,121.13112,24.25011,2024-07-25,2024
79_2_ctrl+30,79,ctrl,121.13112,24.25011,2024-09-23,2024
79_3_event+0,79,event,121.13112,24.25011,2024-10-04,2024
79_3_ctrl-30,79,ctrl,121.13112,24.25011,2024-09-04,2024
79_3_ctrl+30,79,ctrl,121.13112,24.25011,2024-11-03,2024
80_2_event+0,80,event,121.45126,24.53145,2017-07-30,2017
80_2_ctrl-30,80,ctrl,121.45126,24.53145,2017-06-30,2017
80_2_ctrl+30,80,ctrl,121.45126,24.53145,2017-08-29,2017
80_3_event+0,80,event,121.45126,24.53145,2017-08-10,2017
80_3_ctrl-30,80,ctrl,121.45126,24.53145,2017-07-11,2017
80_3_ctrl+30,80,ctrl,121.45126,24.53145,2017-09-09,2017
83_0_event+0,83,event,121.45583,24.53897,2017-07-30,2017
83_0_ctrl-30,83,ctrl,121.45583,24.53897,2017-06-30,2017
83_0_ctrl+30,83,ctrl,121.45583,24.53897,2017-08-29,2017
83_1_event+0,83,event,121.45583,24.53897,2017-08-10,2017
83_1_ctrl-30,83,ctrl,121.45583,24.53897,2017-07-11,2017
83_1_ctrl+30,83,ctrl,121.45583,24.53897,2017-09-09,2017
83_2_event+0,83,event,121.45583,24.53897,2017-10-13,2017
83_2_ctrl-30,83,ctrl,121.45583,24.53897,2017-09-13,2017
83_2_ctrl+30,83,ctrl,121.45583,24.53897,2017-11-12,2017
83_3_event+0,83,event,121.45583,24.53897,2017-10-13,2017
83_3_ctrl-30,83,ctrl,121.45583,24.53897,2017-09-13,2017
83_3_ctrl+30,83,ctrl,121.45583,24.53897,2017-11-12,2017
84_0_event+0,84,event,121.03165,24.53939,2018-05-10,2018
84_0_ctrl-30,84,ctrl,121.03165,24.53939,2018-04-10,2018
84_0_ctrl+30,84,ctrl,121.03165,24.53939,2018-06-09,2018
84_1_event+0,84,event,121.03165,24.53939,2019-05-25,2019
84_1_ctrl-30,84,ctrl,121.03165,24.53939,2019-04-25,2019
84_1_ctrl+30,84,ctrl,121.03165,24.53939,2019-06-24,2019
85_0_event+0,85,event,121.1858,24.13872,2020-05-24,2020
85_0_ctrl-30,85,ctrl,121.1858,24.13872,2020-04-24,2020
85_0_ctrl+30,85,ctrl,121.1858,24.13872,2020-06-23,2020
85_1_event+0,85,event,121.1858,24.13872,2021-09-02,2021
85_1_ctrl-30,85,ctrl,121.1858,24.13872,2021-08-03,2021
85_1_ctrl+30,85,ctrl,121.1858,24.13872,2021-10-02,2021
86_1_event+0,86,event,121.4065,24.67401,2022-10-02,2022
86_1_ctrl-30,86,ctrl,121.4065,24.67401,2022-09-02,2022
86_1_ctrl+30,86,ctrl,121.4065,24.67401,2022-11-01,2022
87_0_event+0,87,event,120.75384,23.14633,2021-06-19,2021
87_0_ctrl-30,87,ctrl,120.75384,23.14633,2021-05-20,2021
87_0_ctrl+30,87,ctrl,120.75384,23.14633,2021-07-19,2021
88_0_event+0,88,event,120.88681,24.4445,2021-05-29,2021
88_0_ctrl-30,88,ctrl,120.88681,24.4445,2021-04-29,2021
88_0_ctrl+30,88,ctrl,120.88681,24.4445,2021-06-28,2021
88_1_event+0,88,event,120.88681,24.4445,2023-04-20,2023
88_1_ctrl-30,88,ctrl,120.88681,24.4445,2023-03-21,2023
88_1_ctrl+30,88,ctrl,120.88681,24.4445,2023-05-20,2023
89_1_event+0,89,event,120.56978,23.37189,2019-08-26,2019
89_1_ctrl-30,89,ctrl,120.56978,23.37189,2019-07-27,2019
89_1_ctrl+30,89,ctrl,120.56978,23.37189,2019-09-25,2019
90_0_event+0,90,event,120.77606,23.16902,2017-06-05,2017
90_0_ctrl-30,90,ctrl,120.77606,23.16902,2017-05-06,2017
90_0_ctrl+30,90,ctrl,120.77606,23.16902,2017-07-05,2017
90_1_event+0,90,event,120.77606,23.16902,2024-07-26,2024
90_1_ctrl-30,90,ctrl,120.77606,23.16902,2024-06-26,2024
90_1_ctrl+30,90,ctrl,120.77606,23.16902,2024-08-25,2024
91_1_event+0,91,event,120.68548,23.06906,2021-08-10,2021
91_1_ctrl-30,91,ctrl,120.68548,23.06906,2021-07-11,2021
91_1_ctrl+30,91,ctrl,120.68548,23.06906,2021-09-09,2021
92_0_event+0,92,event,121.83286,24.49277,2022-05-13,2022
92_0_ctrl-30,92,ctrl,121.83286,24.49277,2022-04-13,2022
92_0_ctrl+30,92,ctrl,121.83286,24.49277,2022-06-12,2022
92_1_event+0,92,event,121.83286,24.49277,2024-07-28,2024
92_1_ctrl-30,92,ctrl,121.83286,24.49277,2024-06-28,2024
92_1_ctrl+30,92,ctrl,121.83286,24.49277,2024-08-27,2024
93_0_event+0,93,event,121.20983,24.17083,2021-06-09,2021
93_0_ctrl-30,93,ctrl,121.20983,24.17083,2021-05-10,2021
93_0_ctrl+30,93,ctrl,121.20983,24.17083,2021-07-09,2021
93_1_event+0,93,event,121.20983,24.17083,2022-05-28,2022
93_1_ctrl-30,93,ctrl,121.20983,24.17083,2022-04-28,2022
93_1_ctrl+30,93,ctrl,121.20983,24.17083,2022-06-27,2022
94_0_event+0,94,event,121.28573,24.61991,2017-01-06,2017
94_0_ctrl-30,94,ctrl,121.28573,24.61991,2016-12-07,2017
94_0_ctrl+30,94,ctrl,121.28573,24.61991,2017-02-05,2017
94_1_event+0,94,event,121.28573,24.61991,2020-06-30,2020
94_1_ctrl-30,94,ctrl,121.28573,24.61991,2020-05-31,2020
94_1_ctrl+30,94,ctrl,121.28573,24.61991,2020-07-30,2020
95_1_event+0,95,event,120.85442,23.82087,2024-07-25,2024
95_1_ctrl-30,95,ctrl,120.85442,23.82087,2024-06-25,2024
95_1_ctrl+30,95,ctrl,120.85442,23.82087,2024-08-24,2024
96_1_event+0,96,event,120.70915,23.12578,2023-03-11,2023
96_1_ctrl-30,96,ctrl,120.70915,23.12578,2023-02-09,2023
96_1_ctrl+30,96,ctrl,120.70915,23.12578,2023-04-10,2023
97_1_event+0,97,event,121.01066,22.66537,2017-10-16,2017
97_1_ctrl-30,97,ctrl,121.01066,22.66537,2017-09-16,2017
97_1_ctrl+30,97,ctrl,121.01066,22.66537,2017-11-15,2017
97_2_event+0,97,event,121.01066,22.66537,2024-10-04,2024
97_2_ctrl-30,97,ctrl,121.01066,22.66537,2024-09-04,2024
97_2_ctrl+30,97,ctrl,121.01066,22.66537,2024-11-03,2024
98_2_event+0,98,event,120.74605,23.57616,2024-10-04,2024
98_2_ctrl-30,98,ctrl,120.74605,23.57616,2024-09-04,2024
98_2_ctrl+30,98,ctrl,120.74605,23.57616,2024-11-03,2024
99_2_event+0,99,event,120.69533,23.22793,2024-10-02,2024
99_2_ctrl-30,99,ctrl,120.69533,23.22793,2024-09-02,2024
99_2_ctrl+30,99,ctrl,120.69533,23.22793,2024-11-01,2024
100_1_event+0,100,event,120.70931,23.1197,2020-05-22,2020
100_1_ctrl-30,100,ctrl,120.70931,23.1197,2020-04-22,2020
100_1_ctrl+30,100,ctrl,120.70931,23.1197,2020-06-21,2020
100_2_event+0,100,event,120.70931,23.1197,2024-09-30,2024
100_2_ctrl-30,100,ctrl,120.70931,23.1197,2024-08-31,2024
100_2_ctrl+30,100,ctrl,120.70931,23.1197,2024-10-30,2024
101_2_event+0,101,event,120.67577,23.53966,2024-09-06,2024
101_2_ctrl-30,101,ctrl,120.67577,23.53966,2024-08-07,2024
101_2_ctrl+30,101,ctrl,120.67577,23.53966,2024-10-06,2024
102_2_event+0,102,event,120.85446,23.90912,2024-09-04,2024
102_2_ctrl-30,102,ctrl,120.85446,23.90912,2024-08-05,2024
102_2_ctrl+30,102,ctrl,120.85446,23.90912,2024-10-04,2024
103_1_event+0,103,event,121.37959,24.4399,2021-01-12,2021
103_1_ctrl-30,103,ctrl,121.37959,24.4399,2020-12-13,2021
103_1_ctrl+30,103,ctrl,121.37959,24.4399,2021-02-11,2021
103_2_event+0,103,event,121.37959,24.4399,2024-07-25,2024
103_2_ctrl-30,103,ctrl,121.37959,24.4399,2024-06-25,2024
103_2_ctrl+30,103,ctrl,121.37959,24.4399,2024-08-24,2024
104_2_event+0,104,event,120.68999,23.103,2024-08-15,2024
104_2_ctrl-30,104,ctrl,120.68999,23.103,2024-07-16,2024
104_2_ctrl+30,104,ctrl,120.68999,23.103,2024-09-14,2024
105_2_event+0,105,event,120.68031,23.09448,2024-08-15,2024
105_2_ctrl-30,105,ctrl,120.68031,23.09448,2024-07-16,2024
105_2_ctrl+30,105,ctrl,120.68031,23.09448,2024-09-14,2024
106_1_event+0,106,event,120.56318,23.37711,2019-08-16,2019
106_1_ctrl-30,106,ctrl,120.56318,23.37711,2019-07-17,2019
106_1_ctrl+30,106,ctrl,120.56318,23.37711,2019-09-15,2019
106_2_event+0,106,event,120.56318,23.37711,2024-08-15,2024
106_2_ctrl-30,106,ctrl,120.56318,23.37711,2024-07-16,2024
106_2_ctrl+30,106,ctrl,120.56318,23.37711,2024-09-14,2024
107_0_event+0,107,event,120.46169,22.83217,2016-09-29,2016
107_0_ctrl-30,107,ctrl,120.46169,22.83217,2016-08-30,2016
107_0_ctrl+30,107,ctrl,120.46169,22.83217,2016-10-29,2016
107_1_event+0,107,event,120.46169,22.83217,2021-11-03,2021
107_1_ctrl-30,107,ctrl,120.46169,22.83217,2021-10-04,2021
107_1_ctrl+30,107,ctrl,120.46169,22.83217,2021-12-03,2021
107_2_event+0,107,event,120.46169,22.83217,2024-07-25,2024
107_2_ctrl-30,107,ctrl,120.46169,22.83217,2024-06-25,2024
107_2_ctrl+30,107,ctrl,120.46169,22.83217,2024-08-24,2024
108_1_event+0,108,event,121.03393,22.70322,2017-10-15,2017
108_1_ctrl-30,108,ctrl,121.03393,22.70322,2017-09-15,2017
108_1_ctrl+30,108,ctrl,121.03393,22.70322,2017-11-14,2017
108_2_event+0,108,event,121.03393,22.70322,2024-10-03,2024
108_2_ctrl-30,108,ctrl,121.03393,22.70322,2024-09-03,2024
108_2_ctrl+30,108,ctrl,121.03393,22.70322,2024-11-02,2024
109_0_event+0,109,event,120.7488,22.75228,2016-01-01,2016
109_0_ctrl-30,109,ctrl,120.7488,22.75228,2015-12-02,2016
109_0_ctrl+30,109,ctrl,120.7488,22.75228,2016-01-31,2016
109_1_event+0,109,event,120.7488,22.75228,2022-10-18,2022
109_1_ctrl-30,109,ctrl,120.7488,22.75228,2022-09-18,2022
109_1_ctrl+30,109,ctrl,120.7488,22.75228,2022-11-17,2022
109_2_event+0,109,event,120.7488,22.75228,2024-09-29,2024
109_2_ctrl-30,109,ctrl,120.7488,22.75228,2024-08-30,2024
109_2_ctrl+30,109,ctrl,120.7488,22.75228,2024-10-29,2024
110_0_event+0,110,event,121.62254,25.26745,2017-06-04,2017
110_0_ctrl-30,110,ctrl,121.62254,25.26745,2017-05-05,2017
110_0_ctrl+30,110,ctrl,121.62254,25.26745,2017-07-04,2017
110_1_event+0,110,event,121.62254,25.26745,2023-10-21,2023
110_1_ctrl-30,110,ctrl,121.62254,25.26745,2023-09-21,2023
110_1_ctrl+30,110,ctrl,121.62254,25.26745,2023-11-20,2023
110_2_event+0,110,event,121.62254,25.26745,2019-08-07,2019
110_2_ctrl-30,110,ctrl,121.62254,25.26745,2019-07-08,2019
110_2_ctrl+30,110,ctrl,121.62254,25.26745,2019-09-06,2019
111_1_event+0,111,event,121.65384,24.16802,2019-04-18,2019
111_1_ctrl-30,111,ctrl,121.65384,24.16802,2019-03-19,2019
111_1_ctrl+30,111,ctrl,121.65384,24.16802,2019-05-18,2019
111_2_event+0,111,event,121.65384,24.16802,2024-04-22,2024
111_2_ctrl-30,111,ctrl,121.65384,24.16802,2024-03-23,2024
111_2_ctrl+30,111,ctrl,121.65384,24.16802,2024-05-22,2024
112_0_event+0,112,event,121.15371,24.24975,2020-06-12,2020
112_0_ctrl-30,112,ctrl,121.15371,24.24975,2020-05-13,2020
112_0_ctrl+30,112,ctrl,121.15371,24.24975,2020-07-12,2020
112_1_event+0,112,event,121.15371,24.24975,2021-09-15,2021
112_1_ctrl-30,112,ctrl,121.15371,24.24975,2021-08-16,2021
112_1_ctrl+30,112,ctrl,121.15371,24.24975,2021-10-15,2021
112_2_event+0,112,event,121.15371,24.24975,2024-04-04,2024
112_2_ctrl-30,112,ctrl,121.15371,24.24975,2024-03-05,2024
112_2_ctrl+30,112,ctrl,121.15371,24.24975,2024-05-04,2024
113_2_event+0,113,event,121.25171,24.25429,2024-04-04,2024
113_2_ctrl-30,113,ctrl,121.25171,24.25429,2024-03-05,2024
113_2_ctrl+30,113,ctrl,121.25171,24.25429,2024-05-04,2024
114_1_event+0,114,event,121.21521,24.17554,2021-05-30,2021
114_1_ctrl-30,114,ctrl,121.21521,24.17554,2021-04-30,2021
114_1_ctrl+30,114,ctrl,121.21521,24.17554,2021-06-29,2021
114_2_event+0,114,event,121.21521,24.17554,2024-10-31,2024
114_2_ctrl-30,114,ctrl,121.21521,24.17554,2024-10-01,2024
114_2_ctrl+30,114,ctrl,121.21521,24.17554,2024-11-30,2024
115_2_event+0,115,event,120.65058,22.94476,2024-11-01,2024
115_2_ctrl-30,115,ctrl,120.65058,22.94476,2024-10-02,2024
115_2_ctrl+30,115,ctrl,120.65058,22.94476,2024-12-01,2024
116_0_event+0,116,event,121.75141,24.29014,2019-08-26,2019
116_0_ctrl-30,116,ctrl,121.75141,24.29014,2019-07-27,2019
116_0_ctrl+30,116,ctrl,121.75141,24.29014,2019-09-25,2019
116_1_event+0,116,event,121.75141,24.29014,2023-06-12,2023
116_1_ctrl-30,116,ctrl,121.75141,24.29014,2023-05-13,2023
116_1_ctrl+30,116,ctrl,121.75141,24.29014,2023-07-12,2023
116_2_event+0,116,event,121.75141,24.29014,2024-05-03,2024
116_2_ctrl-30,116,ctrl,121.75141,24.29014,2024-04-03,2024
116_2_ctrl+30,116,ctrl,121.75141,24.29014,2024-06-02,2024
117_0_event+0,117,event,121.11191,24.00813,2017-06-14,2017
117_0_ctrl-30,117,ctrl,121.11191,24.00813,2017-05-15,2017
117_0_ctrl+30,117,ctrl,121.11191,24.00813,2017-07-14,2017
117_1_event+0,117,event,121.11191,24.00813,2019-05-18,2019
117_1_ctrl-30,117,ctrl,121.11191,24.00813,2019-04-18,2019
117_1_ctrl+30,117,ctrl,121.11191,24.00813,2019-06-17,2019
117_2_event+0,117,event,121.11191,24.00813,2023-08-04,2023
117_2_ctrl-30,117,ctrl,121.11191,24.00813,2023-07-05,2023
117_2_ctrl+30,117,ctrl,121.11191,24.00813,2023-09-03,2023
118_0_event+0,118,event,121.37853,23.38591,2019-08-24,2019
118_0_ctrl-30,118,ctrl,121.37853,23.38591,2019-07-25,2019
118_0_ctrl+30,118,ctrl,121.37853,23.38591,2019-09-23,2019
118_1_event+0,118,event,121.37853,23.38591,2022-09-20,2022
118_1_ctrl-30,118,ctrl,121.37853,23.38591,2022-08-21,2022
118_1_ctrl+30,118,ctrl,121.37853,23.38591,2022-10-20,2022
118_2_event+0,118,event,121.37853,23.38591,2023-07-24,2023
118_2_ctrl-30,118,ctrl,121.37853,23.38591,2023-06-24,2023
118_2_ctrl+30,118,ctrl,121.37853,23.38591,2023-08-23,2023
119_2_event+0,119,event,121.08936,24.01236,2023-08-29,2023
119_2_ctrl-30,119,ctrl,121.08936,24.01236,2023-07-30,2023
119_2_ctrl+30,119,ctrl,121.08936,24.01236,2023-09-28,2023
120_0_event+0,120,event,120.96163,24.17067,2020-05-23,2020
120_0_ctrl-30,120,ctrl,120.96163,24.17067,2020-04-23,2020
120_0_ctrl+30,120,ctrl,120.96163,24.17067,2020-06-22,2020
120_1_event+0,120,event,120.96163,24.17067,2022-03-25,2022
120_1_ctrl-30,120,ctrl,120.96163,24.17067,2022-02-23,2022
120_1_ctrl+30,120,ctrl,120.96163,24.17067,2022-04-24,2022
120_2_event+0,120,event,120.96163,24.17067,2023-10-07,2023
120_2_ctrl-30,120,ctrl,120.96163,24.17067,2023-09-07,2023
120_2_ctrl+30,120,ctrl,120.96163,24.17067,2023-11-06,2023
121_2_event+0,121,event,120.88339,23.64632,2022-10-16,2022
121_2_ctrl-30,121,ctrl,120.88339,23.64632,2022-09-16,2022
121_2_ctrl+30,121,ctrl,120.88339,23.64632,2022-11-15,2022
122_2_event+0,122,event,120.72905,23.55582,2022-10-17,2022
122_2_ctrl-30,122,ctrl,120.72905,23.55582,2022-09-17,2022
122_2_ctrl+30,122,ctrl,120.72905,23.55582,2022-11-16,2022
123_2_event+0,123,event,120.98479,24.18452,2022-03-28,2022
123_2_ctrl-30,123,ctrl,120.98479,24.18452,2022-02-26,2022
123_2_ctrl+30,123,ctrl,120.98479,24.18452,2022-04-27,2022
124_2_event+0,124,event,121.52953,24.60043,2022-10-16,2022
124_2_ctrl-30,124,ctrl,121.52953,24.60043,2022-09-16,2022
124_2_ctrl+30,124,ctrl,121.52953,24.60043,2022-11-15,2022
125_2_event+0,125,event,121.57815,24.63453,2021-11-01,2021
125_2_ctrl-30,125,ctrl,121.57815,24.63453,2021-10-02,2021
125_2_ctrl+30,125,ctrl,121.57815,24.63453,2021-12-01,2021
126_2_event+0,126,event,120.36367,23.00874,2021-06-22,2021
126_2_ctrl-30,126,ctrl,120.36367,23.00874,2021-05-23,2021
126_2_ctrl+30,126,ctrl,120.36367,23.00874,2021-07-22,2021
129_1_event+0,129,event,121.07544,23.94006,2019-08-20,2019
129_1_ctrl-30,129,ctrl,121.07544,23.94006,2019-07-21,2019
129_1_ctrl+30,129,ctrl,121.07544,23.94006,2019-09-19,2019
129_2_event+0,129,event,121.07544,23.94006,2020-05-21,2020
129_2_ctrl-30,129,ctrl,121.07544,23.94006,2020-04-21,2020
129_2_ctrl+30,129,ctrl,121.07544,23.94006,2020-06-20,2020
131_2_event+0,131,event,120.75639,22.72843,2019-08-16,2019
131_2_ctrl-30,131,ctrl,120.75639,22.72843,2019-07-17,2019
131_2_ctrl+30,131,ctrl,120.75639,22.72843,2019-09-15,2019
132_2_event+0,132,event,120.8596,23.52665,2017-06-08,2017
132_2_ctrl-30,132,ctrl,120.8596,23.52665,2017-05-09,2017
132_2_ctrl+30,132,ctrl,120.8596,23.52665,2017-07-08,2017
133_2_event+0,133,event,120.87178,23.56863,2017-06-08,2017
133_2_ctrl-30,133,ctrl,120.87178,23.56863,2017-05-09,2017
133_2_ctrl+30,133,ctrl,120.87178,23.56863,2017-07-08,2017
134_2_event+0,134,event,121.02103,22.69227,2017-10-14,2017
134_2_ctrl-30,134,ctrl,121.02103,22.69227,2017-09-14,2017
134_2_ctrl+30,134,ctrl,121.02103,22.69227,2017-11-13,2017
135_2_event+0,135,event,121.0342,23.90783,2017-06-11,2017
135_2_ctrl-30,135,ctrl,121.0342,23.90783,2017-05-12,2017
135_2_ctrl+30,135,ctrl,121.0342,23.90783,2017-07-11,2017
136_2_event+0,136,event,120.64393,22.36188,2016-09-21,2016
136_2_ctrl-30,136,ctrl,120.64393,22.36188,2016-08-22,2016
136_2_ctrl+30,136,ctrl,120.64393,22.36188,2016-10-21,2016
137_2_event+0,137,event,120.47098,23.20141,2016-09-08,2016
137_2_ctrl-30,137,ctrl,120.47098,23.20141,2016-08-09,2016
137_2_ctrl+30,137,ctrl,120.47098,23.20141,2016-10-08,2016
164_2_event+0,164,event,120.8012,23.55014,2020-07-10,2020
164_2_ctrl-30,164,ctrl,120.8012,23.55014,2020-06-10,2020
164_2_ctrl+30,164,ctrl,120.8012,23.55014,2020-08-09,2020
168_0_event+0,168,event,121.83604,24.50047,2018-01-07,2018
168_0_ctrl-30,168,ctrl,121.83604,24.50047,2017-12-08,2018
168_0_ctrl+30,168,ctrl,121.83604,24.50047,2018-02-06,2018
168_1_event+0,168,event,121.83604,24.50047,2018-11-02,2018
168_1_ctrl-30,168,ctrl,121.83604,24.50047,2018-10-03,2018
168_1_ctrl+30,168,ctrl,121.83604,24.50047,2018-12-02,2018
171_0_event+0,171,event,121.48272,24.19086,2024-12-29,2024
171_0_ctrl-30,171,ctrl,121.48272,24.19086,2024-11-29,2024
171_0_ctrl+30,171,ctrl,121.48272,24.19086,2025-01-28,2024
172_0_event+0,172,event,120.71735,23.45011,2020-05-21,2020
172_0_ctrl-30,172,ctrl,120.71735,23.45011,2020-04-21,2020
172_0_ctrl+30,172,ctrl,120.71735,23.45011,2020-06-20,2020
173_1_event+0,173,event,121.77916,24.48957,2024-04-09,2024
173_1_ctrl-30,173,ctrl,121.77916,24.48957,2024-03-10,2024
173_1_ctrl+30,173,ctrl,121.77916,24.48957,2024-05-09,2024
173_2_event+0,173,event,121.77916,24.48957,2024-07-28,2024
173_2_ctrl-30,173,ctrl,121.77916,24.48957,2024-06-28,2024
173_2_ctrl+30,173,ctrl,121.77916,24.48957,2024-08-27,2024
174_2_event+0,174,event,121.6229,24.11825,2024-11-14,2024
174_2_ctrl-30,174,ctrl,121.6229,24.11825,2024-10-15,2024
174_2_ctrl+30,174,ctrl,121.6229,24.11825,2024-12-14,2024
175_2_event+0,175,event,120.8613,23.9103,2024-09-04,2024
175_2_ctrl-30,175,ctrl,120.8613,23.9103,2024-08-05,2024
175_2_ctrl+30,175,ctrl,120.8613,23.9103,2024-10-04,2024
176_2_event+0,176,event,121.48726,23.56724,2024-06-28,2024
176_2_ctrl-30,176,ctrl,121.48726,23.56724,2024-05-29,2024
176_2_ctrl+30,176,ctrl,121.48726,23.56724,2024-07-28,2024
177_2_event+0,177,event,121.7399,24.26495,2024-05-23,2024
177_2_ctrl-30,177,ctrl,121.7399,24.26495,2024-04-23,2024
177_2_ctrl+30,177,ctrl,121.7399,24.26495,2024-06-22,2024
178_0_event+0,178,event,121.94559,24.97832,2022-05-26,2022
178_0_ctrl-30,178,ctrl,121.94559,24.97832,2022-04-26,2022
178_0_ctrl+30,178,ctrl,121.94559,24.97832,2022-06-25,2022
178_1_event+0,178,event,121.94559,24.97832,2024-10-04,2024
178_1_ctrl-30,178,ctrl,121.94559,24.97832,2024-09-04,2024
178_1_ctrl+30,178,ctrl,121.94559,24.97832,2024-11-03,2024
178_2_event+0,178,event,121.94559,24.97832,2024-10-31,2024
178_2_ctrl-30,178,ctrl,121.94559,24.97832,2024-10-01,2024
178_2_ctrl+30,178,ctrl,121.94559,24.97832,2024-11-30,2024
179_1_event+0,179,event,120.58769,23.49188,2024-07-29,2024
179_1_ctrl-30,179,ctrl,120.58769,23.49188,2024-06-29,2024
179_1_ctrl+30,179,ctrl,120.58769,23.49188,2024-08-28,2024
179_2_event+0,179,event,120.58769,23.49188,2024-10-09,2024
179_2_ctrl-30,179,ctrl,120.58769,23.49188,2024-09-09,2024
179_2_ctrl+30,179,ctrl,120.58769,23.49188,2024-11-08,2024
180_1_event+0,180,event,121.65325,24.16402,2024-04-23,2024
180_1_ctrl-30,180,ctrl,121.65325,24.16402,2024-03-24,2024
180_1_ctrl+30,180,ctrl,121.65325,24.16402,2024-05-23,2024
180_2_event+0,180,event,121.65325,24.16402,2024-08-09,2024
180_2_ctrl-30,180,ctrl,121.65325,24.16402,2024-07-10,2024
180_2_ctrl+30,180,ctrl,121.65325,24.16402,2024-09-08,2024
181_0_event+0,181,event,121.27958,24.22442,2017-06-07,2017
181_0_ctrl-30,181,ctrl,121.27958,24.22442,2017-05-08,2017
181_0_ctrl+30,181,ctrl,121.27958,24.22442,2017-07-07,2017
181_1_event+0,181,event,121.27958,24.22442,2024-07-26,2024
181_1_ctrl-30,181,ctrl,121.27958,24.22442,2024-06-26,2024
181_1_ctrl+30,181,ctrl,121.27958,24.22442,2024-08-25,2024
181_2_event+0,181,event,121.27958,24.22442,2024-10-31,2024
181_2_ctrl-30,181,ctrl,121.27958,24.22442,2024-10-01,2024
181_2_ctrl+30,181,ctrl,121.27958,24.22442,2024-11-30,2024
182_0_event+0,182,event,120.81006,23.23063,2021-08-07,2021
182_0_ctrl-30,182,ctrl,120.81006,23.23063,2021-07-08,2021
182_0_ctrl+30,182,ctrl,120.81006,23.23063,2021-09-06,2021
182_1_event+0,182,event,120.81006,23.23063,2021-09-13,2021
182_1_ctrl-30,182,ctrl,120.81006,23.23063,2021-08-14,2021
182_1_ctrl+30,182,ctrl,120.81006,23.23063,2021-10-13,2021
182_2_event+0,182,event,120.81006,23.23063,2023-08-08,2023
182_2_ctrl-30,182,ctrl,120.81006,23.23063,2023-07-09,2023
182_2_ctrl+30,182,ctrl,120.81006,23.23063,2023-09-07,2023
183_0_event+0,183,event,121.20212,24.10975,2019-05-01,2019
183_0_ctrl-30,183,ctrl,121.20212,24.10975,2019-04-01,2019
183_0_ctrl+30,183,ctrl,121.20212,24.10975,2019-05-31,2019
183_1_event+0,183,event,121.20212,24.10975,2019-05-31,2019
183_1_ctrl-30,183,ctrl,121.20212,24.10975,2019-05-01,2019
183_1_ctrl+30,183,ctrl,121.20212,24.10975,2019-06-30,2019
183_2_event+0,183,event,121.20212,24.10975,2023-07-02,2023
183_2_ctrl-30,183,ctrl,121.20212,24.10975,2023-06-02,2023
183_2_ctrl+30,183,ctrl,121.20212,24.10975,2023-08-01,2023
184_2_event+0,184,event,120.9108,22.38714,2021-10-14,2021
184_2_ctrl-30,184,ctrl,120.9108,22.38714,2021-09-14,2021
184_2_ctrl+30,184,ctrl,120.9108,22.38714,2021-11-13,2021
185_0_event+0,185,event,121.06279,22.89446,2016-08-19,2016
185_0_ctrl-30,185,ctrl,121.06279,22.89446,2016-07-20,2016
185_0_ctrl+30,185,ctrl,121.06279,22.89446,2016-09-18,2016
185_1_event+0,185,event,121.06279,22.89446,2016-10-06,2016
185_1_ctrl-30,185,ctrl,121.06279,22.89446,2016-09-06,2016
185_1_ctrl+30,185,ctrl,121.06279,22.89446,2016-11-05,2016
185_2_event+0,185,event,121.06279,22.89446,2018-08-26,2018
185_2_ctrl-30,185,ctrl,121.06279,22.89446,2018-07-27,2018
185_2_ctrl+30,185,ctrl,121.06279,22.89446,2018-09-25,2018
