id,r3d,r7d,r30d,rmax1d,ante30d
1_0_event+0,148.92999768443406,162.4899972276762,456.19499215390533,61.39499866310507,307.2649944694713
1_0_ctrl-30,0,5.999999816529453,224.6349947489798,0,228.54499470442533
1_0_ctrl+30,2.1049999641254544,39.5149988848716,238.49999399110675,1.5899999719113111,385.32499171141535
1_1_event+0,1.8249999778345227,86.34999790135771,348.6549918409437,1.8149999780580401,346.82999186310917
1_1_ctrl-30,0,3.824999924749136,94.30999874975532,0,97.50999867171049
1_1_ctrl+30,12.2149996785447,22.014999351464212,94.24999755993485,8.529999733902514,83.85999785922468
1_2_event+0,11.54499969445169,43.319998851045966,495.44998942594975,10.80499972216785,485.1599896820262
1_2_ctrl-30,1.2549999505281448,2.459999923594296,46.03499856591225,0.6799999792128801,44.9049986153841
1_2_ctrl+30,17.019999608397484,59.00999881979078,93.15999774262309,16.234999626874924,87.6849978286773
1_3_event+0,178.77499651163816,271.69999403040856,350.5949923535809,115.9249978363514,172.3799958443269
1_3_ctrl-30,0.5600000023841858,0.5600000023841858,176.61999590229243,0.5600000023841858,297.05499324016273
1_3_ctrl+30,21.379999544471502,23.964999441057444,108.12499794643372,10.71999977901578,265.5199949136004
1_4_event+0,81.17999800667167,151.00999649148434,161.16499622073025,33.689998995512724,79.98499821405858
1_4_ctrl-30,0,75.58499838039279,139.18499633669853,0,139.18499633669853
1_4_ctrl+30,1.5249999575316906,17.57999974116683,67.2149986224249,0.9449999928474426,146.86999667156488
1_5_event+0,23.549999434500933,23.549999434500933,69.71499836165458,20.12999952957034,61.10999861638993
1_5_ctrl-30,14.944999689236283,39.09499907307327,209.61999575980008,6.919999770820141,197.63999601546675
1_5_ctrl+30,4.794999845325947,32.74499925225973,69.20999836642295,4.794999845325947,87.96499795559794
1_6_event+0,0,86.8049976201728,285.21499310526997,0,288.7999929757789
1_6_ctrl-30,3.5849998705089092,3.6249998696148396,55.94999858085066,1.864999931305647,59.184998501092196
1_6_ctrl+30,103.99999881349504,118.56499861832708,119.22499859612435,54.92499961331487,15.224999782629311
1_7_event+0,0,0.3049999885261059,119.33499859366566,0,119.52999858465046
1_7_ctrl-30,0.19499999098479748,0.19499999098479748,248.59999387618154,0.19499999098479748,263.93999346811324
1_7_ctrl+30,0.9099999582394958,6.364999836310744,91.03499728627503,0.6099999733269215,90.12499732803553
1_8_event+0,156.06499604415148,157.6499960012734,223.25999406725168,71.62999837100506,87.0499973827973
1_8_ctrl-30,19.854999359697104,22.934999318793416,152.41499682422727,16.74499940406531,151.4849969819188
1_8_ctrl+30,1.7049999786540866,5.294999837875366,116.64999712072313,1.6749999793246388,271.0099931862205
1_9_event+0,104.3049979461357,110.90499779302627,225.87499585933983,56.97499869763851,174.1999973123893
1_9_ctrl-30,52.62999939918518,54.26499935891479,191.66999639198184,50.50999944284558,139.03999699279666
1_9_ctrl+30,0,0,45.79999924823642,0,150.10499719437212
2_8_event+0,1.7499999906867743,371.5949919875711,524.2899886127561,1.7149999905377626,522.7849886212498
2_8_ctrl-30,0.24499999918043613,0.9549999916926026,110.62499808333814,0.23499999940395355,110.66999807208776
2_8_ctrl+30,16.53999950736761,40.519998918287456,303.24999146256596,9.339999724179506,288.4599919458851
2_9_event+0,62.749998934566975,67.02999889291823,69.26999883260578,45.11499933153391,6.5199998980388045
2_9_ctrl-30,0,1.1099999658763409,214.52999567519873,0,218.27499557379633
2_9_ctrl+30,0,0,77.24999756552279,0,139.99999650008976
3_2_event+0,61.12499834597111,141.3649964146316,380.1349900877103,24.319999061524868,319.0099917417392
3_2_ctrl-30,0,55.55499920155853,241.66499567590654,0,313.9349932335317
3_2_ctrl+30,1.2049999609589577,31.464999214746058,478.34498757869005,1.2049999609589577,538.2649859637022
3_3_event+0,2.4649999421089888,77.04499826021492,450.02998913638294,1.254999976605177,461.93998888507485
3_3_ctrl-30,14.374999690800905,124.73999659810215,285.3699937425554,10.314999835565686,326.80499314982444
3_3_ctrl+30,0,1.5049999747425318,285.4099918976426,0,287.8749918397516
3_4_event+0,145.41999638825655,220.45999448932707,496.36498795077205,92.36499762907624,375.24999091401696
3_4_ctrl-30,24.304999351501465,58.094998793676496,380.11499147489667,11.344999615103006,367.9299919428304
3_4_ctrl+30,53.17999901250005,86.66999817173928,116.70999773032963,38.509999454021454,208.94999510608613
3_5_event+0,3.9849998811259866,87.1399979358539,276.41999475099146,3.739999887533486,272.4899948677048
3_5_ctrl-30,0.05499999783933163,0.9649999868124723,147.07499673310667,0.05499999783933163,150.7049966948107
3_5_ctrl+30,6.489999894052744,7.079999875277281,111.96999763138592,3.299999956972897,109.46499761845917
3_6_event+0,11.05499957036227,23.47999942675233,200.47499519120902,7.084999650716782,205.40499515458941
3_6_ctrl-30,15.984999533742666,18.744999408721924,370.15499194152653,11.27499969303608,360.6599923018366
3_6_ctrl+30,50.22999886702746,159.99499634746462,319.1549921501428,47.124998956918716,279.9799928534776
3_7_event+0,45.21499904990196,67.67999844625592,127.00999688729644,45.21499904990196,228.85999443754554
3_7_ctrl-30,147.06499660015106,156.9049964370206,326.98999181296676,75.06999814510345,180.03999521024525
3_7_ctrl+30,0,0,80.64499914087355,0,125.85999819077551
3_8_event+0,0,0,148.32499758712947,0,156.62999735958874
3_8_ctrl-30,8.304999772459269,8.304999772459269,216.23499487806112,4.074999885633588,209.45999505743384
3_8_ctrl+30,34.99999922607094,35.42499922309071,38.6049991408363,34.67999922670424,3.604999914765358
4_1_event+0,19.794999657198787,48.08999904245138,285.8249939540401,11.834999807178974,268.85999423544854
4_1_ctrl-30,2.829999938607216,39.57999945897609,102.96999831870198,2.829999938607216,102.39999828115106
4_1_ctrl+30,0.35499998554587364,10.444999611005187,417.10499005392194,0.279999990016222,436.54498972557485
4_2_event+0,54.18499852158129,80.36999802477658,272.86999402195215,45.18999866396189,279.5299940453842
4_2_ctrl-30,60.84499854501337,67.01499844063073,162.33499688562006,54.19499868899584,104.92499822750688
4_2_ctrl+30,1.6800000006332994,11.324999638833106,370.6149914516136,1.4000000106170774,423.1199899725616
4_3_event+0,95.5949970241636,109.83999671973288,353.70999158732593,84.79999725520611,302.41499353945255
4_3_ctrl-30,44.299998976290226,53.98999870195985,254.54499446973205,24.964999311603606,211.9749954789877
4_3_ctrl+30,0,0.9449999695643783,169.50499654747546,0,265.09999357163906
4_4_event+0,108.78499681316316,140.1049961047247,194.86999496631324,53.82999829296023,131.18499730806798
4_4_ctrl-30,45.099999154917896,119.05499746277928,166.1899964073673,36.09999920241535,122.76499720104039
4_4_ctrl+30,3.599999953992665,8.894999885000288,158.09999715257436,2.7199999736621976,263.28499401174486
4_5_event+0,228.30499468836933,229.59499466512352,280.60999355092645,117.75499752163887,53.96999882813543
4_5_ctrl-30,1.6649999655783176,6.324999905191362,224.57999502681196,1.4449999667704105,280.9849936971441
4_5_ctrl+30,11.814999650232494,16.35499953571707,215.72999566607177,7.369999762624502,432.2199907042086
4_6_event+0,64.6449979878962,74.44999773055315,230.96999435126781,48.4849984459579,216.85499517153949
4_6_ctrl-30,50.529998808167875,50.624998807907104,216.51499569509178,45.0399990323931,170.58499666582793
4_6_ctrl+30,0,0,66.48499848414212,0,131.12999647203833
6_4_event+0,1.0799999758601189,122.70499661937356,432.97998928371817,1.0799999758601189,435.9249893091619
6_4_ctrl-30,4.025000001303852,4.035000001080334,114.25499679986387,3.925000007264316,110.22999679856002
6_4_ctrl+30,10.60499981790781,22.184999528340995,362.16499125026166,10.204999832436442,352.639991408214
6_5_event+0,112.69499669969082,117.84999652951956,267.48499309644103,86.62499759346247,157.67499633412808
6_5_ctrl-30,2.88499993737787,10.57999970111996,110.68999720364809,2.3449999494478106,107.83499726559967
6_5_ctrl+30,117.52999619394541,135.61499582976103,262.6149929212406,109.74499639123678,257.77999342698604
6_6_event+0,25.06499929446727,26.979999262839556,193.3199959229678,19.88999940827489,168.53499661572278
6_6_ctrl-30,0.2799999872222543,1.6549999676644802,36.85499892104417,0.21499998960644007,36.57499893382192
6_6_ctrl+30,6.569999862462282,25.66999937221408,215.48999498877674,4.329999924637377,233.98499442078173
7_5_event+0,154.47999630123377,181.42999590188265,308.16999320313334,132.44499684870243,184.75499564316124
7_5_ctrl-30,31.06499874126166,78.51999807171524,164.61499617341906,27.99999878089875,191.75499628204852
7_5_ctrl+30,0.45499998331069946,1.6899999342858791,116.12499704770744,0.45499998331069946,270.1499933656305
7_6_event+0,10.309999717399478,12.04999965801835,167.35999613907188,10.27999971807003,157.19499642122537
7_6_ctrl-30,0.14499999955296516,7.109999716281891,43.44999898970127,0.125,51.41499865334481
7_6_ctrl+30,75.43499798327684,95.84999750182033,283.1899929828942,46.794998734258115,218.06499471701682
8_4_event+0,254.57499553170055,256.53499551769346,540.7049897685647,162.8499972820282,307.88499373570085
8_4_ctrl-30,21.754999498836696,123.81499718409032,202.2249957807362,13.3599996836856,180.4699962818995
8_4_ctrl+30,2.8749999469146132,122.7949973847717,731.2149824490771,1.6749999662861228,982.914978033863
8_5_event+0,232.6699943067506,234.36999427247792,764.5099842650816,182.0149952173233,538.7149897180498
8_5_ctrl-30,6.874999759718776,6.874999759718776,230.05499522853643,5.899999779649079,223.17999546881765
8_5_ctrl+30,0,1.8999999165534973,542.6549872700125,0,775.3249815767631
8_6_event+0,152.6599957337603,307.474992509,416.1049904245883,78.55999747663736,263.444994690828
8_6_ctrl-30,0,12.099999670870602,186.33999597094953,0,186.3899959679693
8_6_ctrl+30,8.374999907799065,8.374999907799065,517.1999883661047,8.349999908357859,661.4849841920659
9_1_event+0,4.769999807700515,15.95999955944717,199.85499590076506,4.504999816417694,240.489994937554
9_1_ctrl-30,45.404998844489455,102.47499794512987,401.5599932326004,36.144999072887,416.1299930261448
9_1_ctrl+30,124.46999720856547,227.95499524474144,497.00498817674816,77.31999812833965,377.3049907758832
9_2_event+0,89.964998383075,166.45499638840556,362.65499112103134,46.19499930553138,293.7099922094494
9_2_ctrl-30,21.019999471493065,42.88999914098531,243.6849948661402,11.039999752305448,330.3199936738238
9_2_ctrl+30,0,27.434999614022672,495.64998789317906,0,585.6149862762541
9_3_event+0,0,0,30.679999380372465,0,30.679999380372465
9_3_ctrl-30,0,11.049999787472188,43.294999179430306,0,43.294999179430306
9_3_ctrl+30,0,6.469999864697456,41.53999920655042,0,41.53999920655042
9_4_event+0,55.03999846614897,233.72499391436577,375.9599901707843,40.91499883681536,327.1599915502593
9_4_ctrl-30,6.23999984562397,20.3299997523427,366.1549907391891,4.329999927431345,500.04998813476413
9_4_ctrl+30,42.594999715685844,43.664999693632126,415.2849911749363,41.78999976813793,427.7299899253994
9_5_event+0,53.97999871894717,130.80499766301364,167.82499696593732,25.109999638050795,113.84499824699014
9_5_ctrl-30,0,82.14999809861183,141.44999658316374,0,155.35999626107514
9_5_ctrl+30,0,41.46999913826585,82.75499816425145,0,136.73499688319862
9_6_event+0,41.41499910503626,92.77499824017286,163.02999618183821,32.749999170191586,121.61499707680196
9_6_ctrl-30,0,34.0949990618974,126.56999647431076,0,141.80999620072544
9_6_ctrl+30,34.69999872054905,87.2999974321574,313.48999178316444,30.119998881593347,320.20499216765165
10_4_event+0,9.484999862499535,9.519999862648547,10.379999840632081,5.874999948777258,0.894999978132546
10_4_ctrl-30,0,0.06999999936670065,106.69499728921801,0,112.76499726530164
10_4_ctrl+30,0,0,81.93999827094376,0,91.4249981334433
11_5_event+0,21.719999436289072,58.72499905992299,401.499989698641,18.37999950349331,407.48498960211873
11_5_ctrl-30,27.7049993397668,28.324999335221946,192.38999562244862,13.974999571219087,167.66999616846442
11_5_ctrl+30,4.654999956488609,68.42499813903123,178.11999566480517,4.439999967813492,195.18499514460564
12_3_event+0,24.454999518580735,60.85999857727438,275.1649934211746,18.8799996227026,257.4799937354401
12_3_ctrl-30,6.769999832846224,19.639999537728727,330.30999143142253,3.38999991863966,325.6499915588647
12_3_ctrl+30,3.559999921359122,16.66999965067953,212.63999544549733,2.4149999460205436,233.53499504271895
13_1_event+0,177.2099966723472,184.3449965082109,305.0599933806807,106.28499836474657,198.28499523643404
13_1_ctrl-30,70.43499852810055,79.21499822475016,92.05999816395342,47.14499884657562,21.624999635852873
13_1_ctrl+30,10.769999812357128,157.9549960801378,343.8949913941324,10.769999812357128,510.33498825412244
13_2_event+0,0,171.89499775506556,316.8099939953536,0,316.8099939953536
13_2_ctrl-30,0,0.3799999849870801,98.40999748930335,0,123.23499711882323
13_2_ctrl+30,38.019999131560326,200.3649955773726,293.7699933294207,34.55999920517206,255.74999419786036
13_3_event+0,24.544999182224274,70.96499850228429,217.8599954387173,19.95499924570322,193.51499625388533
13_3_ctrl-30,0.1999999973922968,2.634999922476709,143.14999614655972,0.15999999828636646,150.9199960278347
13_3_ctrl+30,0.1349999951198697,0.7549999766051769,56.0899988040328,0.1349999951198697,80.4999979911372
13_4_event+0,2.64999995008111,11.304999797604978,45.104999276809394,2.229999952018261,46.159999274648726
13_4_ctrl-30,3.7049999479204416,18.159999589435756,213.8699952447787,1.2699999706819654,234.18999497499317
13_4_ctrl+30,15.099999515339732,44.47499880194664,323.9999923007563,10.399999653920531,311.54999273549765
14_4_event+0,7.369999809190631,7.369999809190631,64.98999880254269,7.369999809190631,186.50499480310827
14_4_ctrl-30,128.88499580975622,141.7499954244122,243.95999310165644,109.74499639123678,239.4949941234663
14_4_ctrl+30,0,0,38.94999896828085,0,46.31999877747148
14_5_event+0,25.06499929446727,26.979999262839556,193.3199959229678,19.88999940827489,168.53499661572278
14_5_ctrl-30,0.2799999872222543,1.6549999676644802,36.85499892104417,0.21499998960644007,36.57499893382192
14_5_ctrl+30,6.569999862462282,25.66999937221408,215.48999498877674,4.329999924637377,233.98499442078173
15_3_event+0,161.92999806907028,180.1499976394698,511.87999150995165,60.189999115653336,349.94999344088137
15_3_ctrl-30,0,2.584999918937683,199.859994571656,0,202.05499453097582
15_3_ctrl+30,23.429999275133014,43.809998893179,230.5399945853278,21.36499928496778,369.03999337926507
15_4_event+0,29.734999268315732,38.62999902945012,187.05999519396573,29.734999268315732,158.27499590348452
15_4_ctrl-30,0.9499999778345227,61.71499848365784,348.3149938825518,0.7299999855458736,372.91499330382794
15_4_ctrl+30,0,62.564998713321984,417.15499120764434,0,446.8899904759601
15_5_event+0,116.14499789476395,158.44499709270895,299.5849943086505,79.14999863319099,183.55499641411006
15_5_ctrl-30,0.11500000022351742,10.40999967418611,114.22499750554562,0.11500000022351742,146.5699966950342
15_5_ctrl+30,160.69499621074647,174.74999593105167,336.3149922005832,141.43999683856964,291.7649938846007
16_5_event+0,22.834999612532556,46.5849992884323,153.64999661687762,17.309999799355865,130.83499700389802
16_5_ctrl-30,0.019999999552965164,12.299999862909317,115.44499792624265,0.019999999552965164,140.3399969348684
16_5_ctrl+30,42.919998755678535,50.084998624399304,634.3249845318496,25.30499942973256,614.2399853887036
18_0_event+0,89.8249976914376,111.29499748814851,168.314995999448,67.36499817669392,78.4899983080104
18_0_ctrl-30,0,30.114999286830425,344.4949919702485,0,403.9699903447181
18_0_ctrl+30,3.139999993145466,3.504999987781048,275.42999245785177,3.139999993145466,362.1149901561439
18_1_event+0,47.1449988912791,57.95999871287495,95.7499982509762,45.37999894004315,61.029999003745615
18_1_ctrl-30,12.424999644048512,14.114999557845294,17.984999431297183,5.249999839812517,6.8749997755512595
18_1_ctrl+30,70.49999861232936,72.56499856896698,100.63999764807522,40.08499922323972,77.28499792702496
18_2_event+0,26.884999400004745,97.38499801233411,100.61499794200063,13.669999681413174,100.63999764807522
18_2_ctrl-30,26.90999910607934,80.57999791856855,122.65999735705554,26.90999910607934,95.7499982509762
18_2_ctrl+30,0.8149999603629112,20.159999824129045,99.20999821461737,0.7399999629706144,125.2799976542592
20_0_event+0,15.95499968715012,73.46999846585095,147.51499693281949,10.739999681711197,134.43499718606472
20_0_ctrl-30,2.8749999403953552,26.0799995129928,29.134999439120293,2.8749999403953552,28.80499943997711
20_0_ctrl+30,31.139999125152826,90.89499754179269,91.56999752577394,19.604999408125877,76.38499808777124
20_1_event+0,15.674999869428575,28.37499963771552,103.11499830055982,10.704999963752925,87.43999843113124
20_1_ctrl-30,0,0.23499999195337296,65.69499826524407,0,65.69999826513231
20_1_ctrl+30,72.51499779801816,90.45499729830772,208.90999432094395,72.45499779842794,152.06999639235437
21_0_event+0,74.00999783258885,79.32499774172902,145.79499606601894,36.65999904088676,71.89999822806567
21_0_ctrl-30,0.11499999463558197,0.12999999430030584,25.349999329075217,0.11499999463558197,25.264999333769083
21_0_ctrl+30,51.00999872293323,69.80999807361513,193.99999515898526,22.939999416470528,216.99999426864088
21_1_event+0,15.664999514818192,64.03499852400273,191.6399956876412,14.509999538771808,184.88999591208994
21_1_ctrl-30,8.914999739266932,42.804999134503305,211.4049945808947,8.849999739788473,203.6749948002398
21_1_ctrl+30,7.014999859966338,10.919999771751463,114.3849972076714,5.974999886006117,123.03499686252326
22_0_event+0,16.3399997074157,104.79499751981348,280.1649936642498,14.964999720454216,263.9249939555302
22_0_ctrl-30,0.0999999986961484,61.84999788645655,131.83999662380666,0.05999999865889549,133.27999658416957
22_0_ctrl+30,82.73999734129757,91.61499708145857,336.78499188274145,76.66999750211835,270.3849942488596
22_1_event+0,12.894999941810966,17.149999965913594,34.90499939676374,4.715000074356794,22.009999454952776
22_1_ctrl-30,0,0,41.639999019913375,0,41.6549990195781
22_1_ctrl+30,3.1099999863654375,25.56499958783388,25.744999578222632,2.645000010728836,35.52999953366816
22_2_event+0,19.579999702051282,37.649999076500535,93.29999803379178,19.209999719634652,73.85499832872301
22_2_ctrl-30,0.13499999698251486,1.9549999823793769,16.804999590851367,0.11999999731779099,16.66999959386885
22_2_ctrl+30,27.60499968100339,36.42499945405871,199.3399956729263,15.089999811723828,191.3149956939742
23_2_event+0,92.07499775011092,140.66499681863934,409.11498851235956,55.91499880515039,317.9049907717854
23_2_ctrl-30,0.8650000095367432,64.1899990933016,249.76999525446445,0.8650000095367432,281.7449938086793
23_2_ctrl+30,0,9.134999751113355,319.93499134946615,0,412.00998909957707
23_3_event+0,8.459999803453684,12.799999711103737,336.96499283984303,5.744999877177179,331.07499295659363
23_3_ctrl-30,2.569999920204282,3.664999886415899,108.70499730482697,2.164999932050705,138.70999699272215
23_3_ctrl+30,25.32999935466796,33.814999205991626,230.54499442409724,13.529999625869095,213.67499487288296
24_2_event+0,45.99999889731407,179.21999640669674,334.03499258589,26.329999320209026,396.1999911814928
24_2_ctrl-30,108.16499749291688,108.62999749649316,319.9499927163124,90.62999807205051,211.81999522261322
24_2_ctrl+30,1.6599999740719795,2.264999970793724,208.1499951472506,1.509999981150031,252.48999407049268
24_3_event+0,244.26499440521002,247.04499433934689,260.57499401830137,141.26499676704407,16.339999612420797
24_3_ctrl-30,0.029999999329447746,9.90499958395958,277.5349935311824,0.029999999329447746,311.1749931657687
24_3_ctrl+30,7.979999884031713,29.939999430440366,195.96499559748918,6.624999899417162,432.2499901186675
25_3_event+0,266.1299939490855,403.6099906396121,637.7799859670922,144.82499623298645,373.0099919727072
25_3_ctrl-30,1.35999995470047,16.244999520480633,251.91999402828515,1.35999995470047,331.314992508851
25_3_ctrl+30,9.879999734461308,18.21999952942133,122.50499662850052,8.639999747276306,378.7549908431247
25_4_event+0,4.584999941289425,52.8799989791587,250.00999401696026,4.119999958202243,252.30999396555126
25_4_ctrl-30,6.884999889880419,13.884999642148614,312.6899926196784,3.4749999279156327,305.8549927296117
25_4_ctrl+30,0.9649999784305692,6.824999809265137,223.13499480485916,0.9649999784305692,226.75499476771802
26_3_event+0,27.299999403767288,359.0149930212647,506.1899894075468,26.43999940995127,478.9349900018424
26_3_ctrl-30,0.044999998062849045,1.839999932795763,111.61999698914587,0.044999998062849045,117.79499677941203
26_3_ctrl+30,32.004998919554055,117.83999777119607,358.594991447404,18.984999326057732,353.88999193161726
26_4_event+0,154.61999702826142,299.1399936536327,350.3649926427752,99.98499839007854,203.8499955292791
26_4_ctrl-30,8.104999914765358,16.214999741874635,152.7649966450408,4.634999975562096,233.93999494053423
26_4_ctrl+30,2.22499995585531,3.6299999421462417,159.91999676823616,1.4299999810755253,312.3149938406423
27_4_event+0,4.459999945946038,7.799999848939478,16.70499994792044,4.459999945946038,12.245000001974404
27_4_ctrl-30,0,0,14.209999736398458,0,105.67499808594584
27_4_ctrl+30,0,0,4.48999988194555,0,8.949999827891588
30_0_event+0,163.13499502278864,173.3849947238341,253.40499298460782,105.55999679863453,90.75999793875962
30_0_ctrl-30,0.48999997694045305,11.869999800808728,271.8149938043207,0.40499998163431883,358.5449925009161
30_0_ctrl+30,0,52.314998749643564,339.2549912724644,0,502.38998629525304
30_1_event+0,10.894999804906547,35.5999996047467,270.3049940476194,4.969999881461263,260.1699942322448
30_1_ctrl-30,0.7599999895319343,4.9949999414384365,356.044992798008,0.6549999928101897,387.22999210562557
30_1_ctrl+30,17.174999529495835,31.93499918654561,72.9949981123209,10.169999783858657,66.71499838773161
30_2_event+0,32.1499993018806,99.05499785579741,151.0199966384098,23.609999392181635,129.01999696996063
30_2_ctrl-30,10.149999633431435,24.279999343678355,75.04999799374491,10.149999633431435,65.16999834123999
30_2_ctrl+30,0.06499999854713678,0.06499999854713678,62.20499873068184,0.06499999854713678,94.2899980340153
30_3_event+0,59.41999861970544,59.599998611956835,193.29999529290944,50.66499875113368,185.3999956380576
30_3_ctrl-30,51.519998964853585,65.16999878827482,293.80999469477683,51.06499897595495,242.2949957298115
30_3_ctrl+30,0,0.4749999940395355,43.62999897543341,0,103.04999759513885
31_0_event+0,52.9399988213554,159.01999737787992,370.4799926606938,32.039999273605645,434.23999161459506
31_0_ctrl-30,116.69999777525663,119.24999772012234,363.0899920826778,96.02499819733202,246.38999430742115
31_0_ctrl+30,0,3.6399999018758535,229.59499545022845,0,282.53499427158386
31_1_event+0,90.99499782267958,313.944993307814,403.9349910998717,38.88499933574349,322.12999300658703
31_1_ctrl-30,9.189999729394913,14.724999587982893,383.8799917520955,9.189999729394913,515.0899891313165
31_1_ctrl+30,7.964999770745635,40.0549990683794,398.3049908252433,7.26499979197979,481.33498887717724
31_2_event+0,122.21499639004469,366.01999160833657,473.834989012219,70.1049979031086,361.0149923423305
31_2_ctrl-30,9.394999720156193,9.394999720156193,321.69999259430915,9.189999729394913,515.0899891313165
31_2_ctrl+30,28.484999138861895,60.619998436421156,348.76499229017645,20.564999368041754,442.49498954135925
31_3_event+0,18.094999694265425,296.6249928185716,319.6749920314178,16.364999731071293,306.34499219805
31_3_ctrl-30,4.76499986089766,4.944999857805669,211.00499620009214,3.7549998965114355,264.764994751662
31_3_ctrl+30,6.439999777823687,10.084999796934426,171.96499564871192,4.784999772906303,183.61999556515366
32_2_event+0,254.45999437011778,257.1299942852929,355.0549920173362,150.7799968253821,107.58499744720757
32_2_ctrl-30,6.989999799989164,7.039999799802899,378.5899914605543,6.944999801926315,401.61499101202935
32_2_ctrl+30,12.909999657422304,20.994999419897795,129.47499729320407,12.724999662488699,371.02499200589955
32_3_event+0,0.9799999855458736,4.8899998953565955,17.96499955561012,0.8799999849870801,23.13499927520752
32_3_ctrl-30,6.149999705143273,39.75999867077917,312.8199931047857,5.469999707303941,323.8549928292632
32_3_ctrl+30,91.6049982085824,101.8349979557097,416.66999049298465,70.23999863862991,326.0449922699481
32_4_event+0,6.899999796412885,22.334999525919557,326.0449922699481,5.529999814927578,321.7549924310297
32_4_ctrl-30,2.6099999574944377,6.864999799057841,23.13499927520752,2.6099999574944377,27.38499907311052
32_4_ctrl+30,8.50499980058521,34.574998890049756,224.9399947449565,6.084999838843942,223.33499474078417
33_0_event+0,0,0.4749999940395355,341.88499274197966,0,346.2449927171692
33_0_ctrl-30,4.359999975189567,5.089999939315021,134.19999671168625,3.2550000036135316,182.6549953473732
33_0_ctrl+30,0.2549999924376607,0.2649999922141433,279.0299932034686,0.2549999924376607,278.77499321103096
33_1_event+0,14.634999681264162,73.31499839853495,649.7649832209572,7.704999847337604,635.5349835222587
33_1_ctrl-30,0.4049999825656414,0.4049999825656414,149.45499629341066,0.4049999825656414,179.5249958401546
33_1_ctrl+30,54.85999900940806,56.08499897364527,125.09999734349549,52.679999090731144,84.8749980153516
33_2_event+0,13.129999584518373,141.06499651260674,375.9399916604161,11.784999621100724,362.81999207567424
33_2_ctrl-30,0.009999999776482582,0.019999999552965164,159.30499690957367,0.009999999776482582,160.04999688547105
33_2_ctrl+30,85.02999837230891,212.47499489597976,382.95999054890126,34.9599993750453,311.0599917611107
33_3_event+0,250.12999445945024,267.15499400068074,275.59999378491193,132.2249971330166,26.124999319203198
33_3_ctrl-30,0.6549999937415123,2.6149999275803566,254.66499483026564,0.6549999937415123,305.57499374449253
33_3_ctrl+30,6.554999938234687,15.334999879822135,155.47999656759202,2.9899999648332596,399.0549910888076
33_4_event+0,141.47499625384808,164.61499561648816,272.81999307498336,71.55499804019928,132.12999678961933
33_4_ctrl-30,0.7849999684840441,46.12999840825796,173.40499564353377,0.7849999684840441,172.61999567504972
33_4_ctrl+30,34.3399990266189,54.544998810626566,70.69499832578003,34.15999902691692,177.8299955530092
38_0_event+0,33.4449992692098,120.7049974380061,240.50499516446143,20.304999602027237,207.26999588962644
38_0_ctrl-30,0.20999999437481165,0.21999999415129423,252.6899949638173,0.19999999459832907,258.00999485421926
38_0_ctrl+30,13.904999584890902,63.13999846763909,381.5899913273752,11.319999646395445,401.1299910116941
38_1_event+0,14.759999657049775,14.759999657049775,66.71499838773161,14.759999657049775,76.029998537153
38_1_ctrl-30,24.07499980647117,63.91999918688089,260.1699942322448,24.04499980714172,240.08999438770115
38_1_ctrl+30,19.779999466612935,31.949999283067882,83.24999787192792,19.469999480992556,78.22999806236476
38_2_event+0,63.90999861434102,83.37999809533358,126.1049970285967,49.179999120533466,76.24499812629074
38_2_ctrl-30,14.04999971203506,35.81499911472201,68.93499823939055,10.169999783858657,64.54999829642475
38_2_ctrl+30,0,0,97.28499797359109,0,161.1949965879321
38_3_event+0,16.72499944269657,16.72499944269657,122.49999652523547,13.539999531581998,105.7749970825389
38_3_ctrl-30,0,0,181.0499960500747,0,193.144995871
38_3_ctrl+30,2.179999964311719,2.179999964311719,60.389998520724475,1.2199999708682299,74.93499799910933
38_4_event+0,142.4849975053221,143.41999747604132,204.01999594457448,140.26999763026834,63.62499841302633
38_4_ctrl-30,2.0899999737739563,2.0899999737739563,2.0949999736621976,2.0899999737739563,0.004999999888241291
38_4_ctrl+30,59.744998555630445,70.37999838218093,152.94999626092613,35.124999278225005,235.68999521061778
39_0_event+0,1.5699999323114753,79.66999873705208,183.60499622579664,1.5699999323114753,182.03499629348516
39_0_ctrl-30,0,0,0.3899999838322401,0,0.3899999838322401
39_0_ctrl+30,5.304999774321914,5.304999774321914,23.54499940574169,2.9349998515099287,19.809999563731253
39_1_event+0,275.8999925646931,375.90498987864703,528.8349866671488,149.90499591827393,261.41999389231205
39_1_ctrl-30,8.484999789856374,18.324999704025686,231.73499516956508,8.299999787472188,299.26999300532043
39_1_ctrl+30,6.54499982111156,44.69999912194908,124.84499689470977,4.214999867603183,394.1999896382913
39_2_event+0,160.20499641634524,191.0949957454577,425.9599908189848,83.85999870672822,265.8149944022298
39_2_ctrl-30,0.05999999959021807,11.504999578930438,60.799998516216874,0.05999999959021807,171.5249958364293
39_2_ctrl+30,32.43499951250851,41.25999931618571,228.49499492533505,15.029999788850546,356.2649918291718
40_0_event+0,3.7099999953061342,117.84499690681696,416.96499107498676,3.7099999953061342,416.2099909884855
40_0_ctrl-30,2.9549999088048935,3.2949998937547207,106.13499776553363,2.8099999129772186,103.17999785672873
40_0_ctrl+30,23.89999937452376,41.61499893292785,418.7249894551933,12.584999615326524,398.53499007597566
40_1_event+0,113.45499780680984,126.77499762736261,265.09999398700893,80.86999837309122,155.949996070005
40_1_ctrl-30,4.304999889805913,25.13999962899834,135.08999706804752,3.7299998998641968,131.25999716948718
40_1_ctrl+30,132.6799967251718,148.38499650731683,323.7749919872731,124.514996945858,304.54999306891114
41_0_event+0,5.184999896213412,36.02499909326434,133.81499631144106,5.17499989643693,128.62999641522765
41_0_ctrl-30,0,0,19.46499947924167,0,26.19999919924885
41_0_ctrl+30,12.95499971229583,18.189999572001398,133.74499650020152,12.95499971229583,125.9749966841191
41_1_event+0,6.939999824389815,58.939999046735466,119.76499786507338,4.2999999122694135,125.08999788481742
41_1_ctrl-30,12.264999844133854,15.334999746643007,104.34499770961702,11.94999985396862,92.07999786548316
41_1_ctrl+30,1.5399999702349305,42.9499988341704,290.47499392181635,0.8499999903142452,295.87499377597123
42_0_event+0,245.43499458022416,293.2199937943369,358.75999222602695,137.08999720215797,113.3249976458028
42_0_ctrl-30,0,53.56499894335866,468.14498921390623,0,501.69498868938535
42_0_ctrl+30,33.09499895572662,34.46999889612198,399.6149903582409,33.02999895811081,611.9549859827384
43_1_event+0,244.71499450318515,266.9949938990176,371.2799914041534,163.9549963772297,139.88499658182263
43_1_ctrl-30,13.31999968085438,36.24499933514744,238.33499470632523,11.384999751113355,225.97499500401318
43_1_ctrl+30,23.684999419376254,23.684999419376254,421.46499117836356,13.389999847859144,642.4949862621725
43_2_event+0,217.12499449029565,357.41499202512205,647.8549856906757,144.82499623298645,430.72999120038
43_2_ctrl-30,0,16.244999520480633,228.26499444246292,0,265.74999366141856
43_2_ctrl+30,1.2399999871850014,18.154999531805515,112.42999690491706,1.2399999871850014,328.3149914080277
44_1_event+0,350.7499931855127,370.64499252289534,505.3299894137308,191.74999692104757,156.18499616719782
44_1_ctrl-30,1.604999938979745,1.839999932795763,117.83999677747488,1.5599999409168959,116.23499683849514
44_1_ctrl+30,24.564999158494174,108.77999812643975,346.4349918477237,18.984999326057732,672.6199858747423
44_2_event+0,243.60499503836036,244.54999501351267,302.24499396048486,134.57499687373638,61.16999885160476
44_2_ctrl-30,2.5299999294802547,12.249999744817615,208.12999588996172,1.589999958872795,253.58999458234757
44_2_ctrl+30,1.7649999614804983,7.19999987911433,213.11999542545527,0.9749999865889549,454.95999050233513
45_3_event+0,168.41499629803002,173.97999607399106,339.219992977567,74.13999847695231,171.4749966626987
45_3_ctrl-30,0.6699999831616879,25.579999403096735,172.4749962799251,0.5049999877810478,172.32999626547098
45_3_ctrl+30,48.694998438470066,64.85499798040837,107.80499707814306,48.4849984459579,227.524994937703
46_2_event+0,16.17999964673072,308.84999251831323,659.3599850619212,11.64499971922487,643.1799854151905
46_2_ctrl-30,0,18.859999790787697,232.35499503277242,0,260.6849942095578
46_2_ctrl+30,0.1799999950453639,11.879999651573598,99.17499774321914,0.12999999523162842,115.1749973949045
46_3_event+0,5.404999835416675,51.01499863062054,223.33499474078417,3.3649998996406794,228.3249947289005
46_3_ctrl-30,10.394999823532999,21.2849995624274,321.7549924310297,3.8149999557062984,312.65999255981296
46_3_ctrl+30,0.41999998688697815,6.609999897889793,249.17499388568103,0.41999998688697815,254.15999373421073
47_3_event+0,10.024999747052789,28.129999740980566,202.46499626059085,5.109999820590019,202.16499640606344
47_3_ctrl-30,9.724999892525375,14.909999821335077,340.7299917843193,5.854999955743551,353.73999125603586
47_3_ctrl+30,5.929999849759042,163.41499599069357,324.4599921433255,3.0499999076128006,328.55499204061925
48_2_event+0,98.60499891266227,161.86999754980206,429.3149919155985,50.63499959465116,330.70999300293624
48_2_ctrl-30,0,40.32999867387116,243.8699943618849,0,252.30999409593642
48_2_ctrl+30,3.3699999134987593,8.14999979455024,289.739993927069,3.3699999134987593,384.9749929262325
48_3_event+0,18.094999694265425,296.6249928185716,319.6749920314178,16.364999731071293,306.34499219805
48_3_ctrl-30,4.76499986089766,4.944999857805669,211.00499620009214,3.7549998965114355,264.764994751662
48_3_ctrl+30,6.439999777823687,10.084999796934426,171.96499564871192,4.784999772906303,183.61999556515366
49_2_event+0,33.149999203160405,49.55499887652695,433.2999887391925,30.679999304935336,424.4949892330915
49_2_ctrl-30,24.344999697059393,24.734999684616923,97.25999849569052,21.124999713152647,72.9349987981841
49_2_ctrl+30,1.104999971576035,1.8349999357014894,151.06499610189348,1.104999971576035,183.10999533347785
49_3_event+0,49.97499893326312,56.01499877590686,103.7499972563237,34.15999902691692,181.89999514631927
49_3_ctrl-30,128.1249968232587,131.5599966859445,240.54999411292374,71.55499804019928,156.94499576557428
49_3_ctrl+30,0,0,70.08499873336405,0,120.05999766662717
50_3_event+0,1.7449999507516623,2.804999918676913,180.00999580789357,1.5449999626725912,189.11499555781484
50_3_ctrl-30,10.849999700672925,31.63999934773892,603.0549854710698,7.699999758042395,652.1449845498428
50_3_ctrl+30,2.2249999791383743,9.079999754205346,602.8999861013144,1.8299999982118607,602.4199860729277
51_3_event+0,127.39999671373516,162.49499622359872,264.579994533211,103.02499713562429,215.86999693326652
51_3_ctrl-30,78.68999911379069,99.99499851372093,119.77999774925411,51.90499963052571,41.08999863546342
51_3_ctrl+30,17.604999682866037,51.4149988880381,397.5849911207333,17.449999690055847,507.37998815160245
52_3_event+0,1.7499999906867743,371.5949919875711,524.2899886127561,1.7149999905377626,522.7849886212498
52_3_ctrl-30,0.24499999918043613,0.9549999916926026,110.62499808333814,0.23499999940395355,110.66999807208776
52_3_ctrl+30,16.53999950736761,40.519998918287456,303.24999146256596,9.339999724179506,288.4599919458851
53_3_event+0,0,0,40.49499911814928,0,40.49499911814928
53_3_ctrl-30,0,0,26.8899995861575,0,27.29999956674874
53_3_ctrl+30,7.869999786838889,26.579999377951026,154.4949971102178,7.869999786838889,146.62499732337892
61_0_event+0,1.1899999612942338,76.3499983586371,225.7399953175336,0.399999987334013,224.55999535601586
61_0_ctrl-30,0.009999999776482582,40.18999885208905,111.71999797504395,0.009999999776482582,111.70999797526747
61_0_ctrl+30,32.42499933578074,32.47499933280051,329.1649925392121,16.15499960165471,297.9299931647256
62_0_event+0,5.644999951124191,5.644999951124191,88.22499886900187,5.644999951124191,82.57999891787767
62_0_ctrl-30,0,3.0799998231232166,124.36499734222889,0,124.37499734200537
62_0_ctrl+30,0.20000000204890966,0.20000000204890966,46.81499902717769,0.1850000023841858,52.25999897625297
62_1_event+0,0,25.574999330565333,39.80999897327274,0,39.80999897327274
62_1_ctrl-30,0,0.04499999899417162,25.959999419748783,0,62.88999895937741
62_1_ctrl+30,12.564999606460333,12.564999606460333,29.529999158345163,8.724999751895666,16.96499955188483
62_2_event+0,37.179999713785946,44.069999573752284,168.53999712038785,37.01499972026795,132.39999737404287
62_2_ctrl-30,1.0399999674409628,2.609999943524599,118.52499770279974,0.8549999697133899,118.00999773293734
62_2_ctrl+30,0.049999997951090336,29.00999924633652,115.97499733697623,0.049999997951090336,153.1049970528111
63_1_event+0,158.03999658487737,265.7599945962429,350.0899926526472,98.75999781489372,201.80499585531652
63_1_ctrl-30,9.754999787546694,17.404999733902514,133.22999674733728,7.749999823048711,184.2199964914471
63_1_ctrl+30,6.2849997924640775,19.84999959077686,148.4899967694655,4.824999806471169,300.2449935618788
64_0_event+0,50.144998668693006,77.20499829016626,401.2899901624769,39.31499897222966,378.43999076262116
64_0_ctrl-30,27.294999268837273,50.92999860458076,209.544994934462,26.899999278597534,186.93499555345625
64_0_ctrl+30,0.9549999916926026,1.3949999930337071,52.98999875318259,0.8849999913945794,102.179997430183
64_1_event+0,39.55499885417521,41.51499886251986,103.53499724529684,37.56999892182648,63.979998391121626
64_1_ctrl-30,0,0,134.42499739304185,0,134.43499739281833
64_1_ctrl+30,0,0,27.379999553784728,0,66.93499840795994
65_0_event+0,0,7.274999761022627,116.79499740991741,0,116.79499740991741
65_0_ctrl-30,0,2.2249999344348907,41.884999700821936,0,49.47499951440841
65_0_ctrl+30,1.7049999684095383,5.0649998635053635,99.18999784626067,1.7049999684095383,97.48499787785113
65_1_event+0,0.014999999664723873,0.6249999888241291,369.05499080289155,0.014999999664723873,387.5849903896451
65_1_ctrl-30,18.54499958641827,54.90999845042825,395.0199914323166,9.079999800771475,376.47499184589833
65_1_ctrl+30,6.7499996572732925,11.22499952930957,85.28499810304493,6.7499996572732925,78.54999844543636
65_2_event+0,41.32999936118722,109.86999715771526,262.1099939523265,30.10499955061823,225.64999444782734
65_2_ctrl-30,4.869999856688082,4.9799998523667455,186.5849950592965,4.869999856688082,182.21499518398196
65_2_ctrl+30,3.0299999117851257,3.0599999111145735,71.19999880250543,3.0299999117851257,109.49999825190753
66_3_event+0,114.66499716974795,161.52999602723867,329.7199920453131,58.87999820895493,216.40999482851475
66_3_ctrl-30,1.3549999529495835,26.524999937973917,202.62499638274312,0.649999987334013,201.26999642979354
66_3_ctrl+30,0.7199999690055847,61.01999882608652,117.08499750494957,0.7199999690055847,231.02999470569193
67_3_event+0,6.154999884776771,9.624999832361937,211.9299954622984,3.329999945126474,205.77499557752162
67_3_ctrl-30,0,0.5099999802187085,255.08499559853226,0,257.0399955175817
67_3_ctrl+30,0.5349999666213989,0.5349999666213989,23.989999569952488,0.5349999666213989,29.60999948810786
68_3_event+0,7.004999807104468,44.299998966977,320.0099933622405,7.004999807104468,329.86499321460724
68_3_ctrl-30,16.859999659471214,92.24499817658216,151.54999689012766,14.764999732375145,148.92999704834074
68_3_ctrl+30,0.2299999985843897,0.5499999951571226,244.79499387461692,0.2149999989196658,251.569993683137
69_0_event+0,110.35499733872712,124.84499706886709,357.8749916087836,84.28999796509743,279.12499369494617
69_0_ctrl-30,31.604999424889684,71.12999827042222,160.46999635268003,21.59999955818057,132.09499681089073
69_0_ctrl+30,0.7599999997764826,39.99499884340912,55.50499846879393,0.7599999997764826,165.09999580774456
69_1_event+0,202.55499396380037,219.73999346978962,270.46999204158783,144.71499522030354,146.87499663420022
69_1_ctrl-30,78.95999855641276,79.14499854762107,128.1899973070249,54.579999011941254,54.21999866142869
69_1_ctrl+30,0.8099999520927668,13.93499983754009,95.48999829869717,0.73499995470047,297.2349923104048
69_2_event+0,127.36999691277742,127.36999691277742,192.439995017834,79.4299981109798,80.44499790575355
69_2_ctrl-30,15.374999800696969,15.419999800622463,112.62999721709639,15.374999800696969,97.25499741639942
69_2_ctrl+30,1.7599999653175473,13.644999676384032,175.84499656315893,1.4599999710917473,301.4549935106188
69_3_event+0,189.6949962610379,233.5949954651296,320.2649937104434,153.4949972629547,206.609996041283
69_3_ctrl-30,76.03999859187752,82.45499848667532,236.81499467231333,52.05499896313995,160.7749960804358
69_3_ctrl+30,30.514999395236373,30.514999395236373,78.12499811965972,30.424999399110675,237.30499498546124
70_1_event+0,283.2749938555062,300.90499334409833,342.4099924834445,127.21499761939049,132.1549963466823
70_1_ctrl-30,73.01999771874398,80.5799976689741,194.31499501876533,63.839997998438776,123.78999724052846
70_1_ctrl+30,0.014999999664723873,0.014999999664723873,53.349999118596315,0.014999999664723873,336.6099929744378
70_2_event+0,0.009999999776482582,274.6349945217371,390.30499175097793,0.009999999776482582,392.6349916988984
70_2_ctrl-30,2.339999947696924,14.21999959088862,198.31999493576586,2.339999947696924,197.01499494165182
70_2_ctrl+30,0,0.014999999664723873,0.41499998047947884,0,0.4249999802559614
70_3_event+0,199.25499473698437,199.25499473698437,317.6599921192974,95.11999768018723,153.85999633464962
70_3_ctrl-30,35.45499895233661,35.55499895103276,202.929995235987,35.439998952671885,167.4749962836504
70_3_ctrl+30,1.5899999756366014,1.664999975822866,223.2349944151938,1.0449999868869781,420.89998917654157
71_3_event+0,100.98499837331474,106.96499820239842,232.61499502602965,73.34499881789088,134.63499656226486
71_3_ctrl-30,3.0049999095499516,30.66499938070774,125.10499750450253,1.7249999530613422,123.16999757662416
71_3_ctrl+30,103.94999775104225,117.61499737389386,249.52499454841018,99.79999786615372,246.55999517068267
72_3_event+0,2.4799998998641968,2.4799998998641968,89.19499762263149,2.4799998998641968,100.68499745149165
72_3_ctrl-30,13.96999972872436,37.12999894749373,303.93499300070107,13.939999729394913,291.4249932318926
72_3_ctrl+30,11.939999581314623,158.88499642256647,472.24998873472214,6.939999703317881,462.7899890532717
75_0_event+0,6.184999871999025,145.18499654438347,519.8399854926392,2.479999950155616,522.474985377863
75_0_ctrl-30,8.819999757222831,10.919999710284173,71.81499812286347,8.819999757222831,65.54499826952815
75_0_ctrl+30,10.804999813437462,78.50499839894474,172.9899969464168,7.844999810680747,168.36999700497836
75_1_event+0,35.669998965226114,145.05999623797834,261.41999389231205,19.08499949425459,235.58999484125525
75_1_ctrl-30,9.839999914169312,24.83499974012375,299.26999300532043,9.814999915659428,370.54999052360654
75_1_ctrl+30,37.97999930381775,41.96499913185835,394.1999896382913,37.97999930381775,391.88998929969966
76_0_event+0,0.8849999811500311,21.51499936822802,44.3899987116456,0.8399999821558595,43.50499873049557
76_0_ctrl-30,0,0.9199999794363976,18.054999544285238,0,18.309999532066286
76_0_ctrl+30,18.344999625347555,34.53999925404787,210.17499594017863,15.489999676123261,192.7149962959811
76_1_event+0,148.6499968674034,148.65999686717987,191.764995935373,122.24499724805355,60.9849987803027
76_1_ctrl-30,17.869999712333083,47.994999036192894,246.74999564606696,17.849999712780118,272.61499494779855
76_1_ctrl+30,0,32.979999132454395,156.55999613553286,0,305.20999300293624
76_2_event+0,108.61499670613557,114.95999657176435,169.1499950941652,72.45499779842794,147.15999648626894
76_2_ctrl-30,86.6249980982393,100.58999782521278,179.0349964350462,51.24999876599759,92.4099983368069
76_2_ctrl+30,0,3.679999977350235,81.93499842472374,0,190.54999513085932
77_2_event+0,24.869999136775732,29.93499895185232,33.53499896079302,23.109999179840088,8.664999824017286
77_2_ctrl-30,0,0,2.864999837242067,0,2.864999837242067
77_2_ctrl+30,0.9199999682605267,155.55499628931284,185.47499612625688,0.8449999699369073,209.4249952947721
77_3_event+0,9.524999767541885,34.9349994873628,214.6099956529215,5.154999878257513,216.37499566469342
77_3_ctrl-30,11.289999779313803,25.06499942392111,328.9199938029051,7.689999886788428,323.0949938101694
77_3_ctrl+30,1.4199999803677201,3.1499999072402716,259.23999322764575,1.4199999803677201,267.3449930148199
78_2_event+0,9.254999759607017,15.39499958883971,178.79999606870115,5.629999862983823,195.04999562632293
78_2_ctrl-30,25.504999317228794,28.979999231174588,126.24499711114913,13.04999953508377,157.72499666456133
78_2_ctrl+30,14.399999815039337,20.709999648854136,325.4049915811047,14.384999815374613,320.2599915256724
78_3_event+0,47.49499921966344,58.24499877355993,227.59999497327954,31.20499954279512,186.40499563328922
78_3_ctrl-30,6.299999879673123,43.429999148473144,139.47999727539718,3.254999958910048,158.40999673306942
78_3_ctrl+30,2.379999939352274,230.64499458763748,257.9899940472096,2.349999940022826,303.1049933275208
79_0_event+0,0.7099999692291021,65.94499840959907,163.3649964760989,0.7099999692291021,162.6549965068698
79_0_ctrl-30,0,0,1.1949999937787652,0,1.1949999937787652
79_0_ctrl+30,7.294999861158431,7.294999861158431,22.709999373182654,5.7249999130144715,16.124999481253326
79_1_event+0,40.714999069459736,94.04999860841781,167.61999703384936,19.134999683126807,139.81999770645052
79_1_ctrl-30,12.9149997420609,57.944998539984226,191.614995284006,12.754999745637178,180.52499551326036
79_1_ctrl+30,6.1699999356642365,29.32999950647354,116.01999755296856,6.069999941624701,150.56499668676406
79_2_event+0,2.1199999395757914,11.404999749734998,128.5499972337857,1.9249999467283487,279.48499360028654
79_2_ctrl-30,153.05499630607665,155.07499625254422,204.11499513406307,77.049998447299,76.45499824453145
79_2_ctrl+30,95.38499859906733,103.48999855853617,154.3549978006631,33.85499945934862,61.089999141171575
79_3_event+0,105.5699976887554,159.37499659042805,318.6749939387664,74.93499825894833,213.7199962446466
79_3_ctrl-30,0.614999994635582,11.49999997857958,76.36999832838774,0.614999994635582,76.19999832380563
79_3_ctrl+30,2.47999996971339,88.82999736908823,101.78499705437571,2.47999996971339,204.8749947734177
80_2_event+0,94.12499758042395,95.40499755181372,134.5899969516322,58.7299982663244,75.58999868109822
80_2_ctrl-30,35.12499930988997,43.114999210461974,486.669988585636,27.989999539218843,459.3249892266467
80_2_ctrl+30,0.019999999552965164,6.084999863058329,42.30999912600964,0.019999999552965164,136.41499670688063
80_3_event+0,0.10499999672174454,5.565000011585653,116.66499712318182,0.10499999672174454,116.55999712646008
80_3_ctrl-30,0,20.569999700412154,328.0599923748523,0,336.6399921812117
80_3_ctrl+30,0.1600000010803342,87.37499820441008,162.16499671898782,0.1550000011920929,162.10999671462923
83_0_event+0,94.12499758042395,95.40499755181372,134.5899969516322,58.7299982663244,75.58999868109822
83_0_ctrl-30,35.12499930988997,43.114999210461974,486.669988585636,27.989999539218843,459.3249892266467
83_0_ctrl+30,0.019999999552965164,6.084999863058329,42.30999912600964,0.019999999552965164,136.41499670688063
83_1_event+0,0.10499999672174454,5.565000011585653,116.66499712318182,0.10499999672174454,116.55999712646008
83_1_ctrl-30,0,20.569999700412154,328.0599923748523,0,336.6399921812117
83_1_ctrl+30,0.1600000010803342,87.37499820441008,162.16499671898782,0.1550000011920929,162.10999671462923
83_2_event+0,184.69499554298818,188.28499549161643,286.5499932542443,165.71999599598348,107.68999761063606
83_2_ctrl-30,5.834999899379909,6.124999895691872,166.7699966719374,5.349999922327697,162.25999671593308
83_2_ctrl+30,13.794999812729657,39.84499910660088,276.1349929468706,10.319999916478992,447.03498867712915
83_3_event+0,184.69499554298818,188.28499549161643,286.5499932542443,165.71999599598348,107.68999761063606
83_3_ctrl-30,5.834999899379909,6.124999895691872,166.7699966719374,5.349999922327697,162.25999671593308
83_3_ctrl+30,13.794999812729657,39.84499910660088,276.1349929468706,10.319999916478992,447.03498867712915
84_0_event+0,10.259999759495258,72.65499886497855,132.92499780282378,8.379999801516533,122.66499804332852
84_0_ctrl-30,0,6.164999855682254,34.13499903585762,0,34.13499903585762
84_0_ctrl+30,7.874999896623194,13.299999775364995,25.264999327249825,6.774999897927046,27.64999919012189
84_1_event+0,8.399999781511724,67.07499831169844,352.22499318793416,4.794999855570495,344.21499340143055
84_1_ctrl-30,0.389999995008111,72.65499879885465,142.939997327514,0.389999995008111,146.22999724652618
84_1_ctrl+30,133.45499731320888,133.67999730445445,373.25999197456986,64.98999859858304,248.2049944428727
85_0_event+0,50.31499865837395,201.4049948072061,278.19999355543405,49.63999868929386,244.3949946342036
85_0_ctrl-30,16.509999737143517,17.429999727755785,121.31999659352005,13.594999767839909,104.80999685637653
85_0_ctrl+30,0.13499999046325684,0.13499999046325684,180.5699959807098,0.13499999046325684,230.7499946486205
85_1_event+0,0.009999999776482582,3.1499999929219484,256.31499293260276,0.009999999776482582,342.7949906345457
85_1_ctrl-30,86.4899977017194,130.419997013174,187.4399955244735,67.36499817669392,100.94999782275409
85_1_ctrl+30,0,0,108.2099971882999,0,108.21999718807638
86_1_event+0,0,0,306.6199928149581,0,320.6199924964458
86_1_ctrl-30,13.99999968148768,31.924999261274934,58.42499826755375,9.474999785423279,56.12499834317714
86_1_ctrl+30,51.134998810477555,52.1599987866357,312.2049939278513,45.659998933784664,261.06999511737376
87_0_event+0,14.679999902844429,35.8349997298792,515.4649856146425,11.84999992698431,501.11998570524156
87_0_ctrl-30,0.3349999934434891,0.3349999934434891,24.579999561421573,0.17999999225139618,24.244999567978084
87_0_ctrl+30,31.91999902576208,42.37999890465289,176.739995312877,13.46499964594841,159.49999618995935
88_0_event+0,81.4649975663051,90.31999732367694,112.57499679643661,63.84499811194837,71.81499812286347
88_0_ctrl-30,40.704998892731965,43.254998796619475,43.68499879445881,34.70999912172556,2.979999901726842
88_0_ctrl+30,41.35499941278249,111.02499818895012,479.72998733911663,25.41499981749803,519.8399854926392
88_1_event+0,156.75999711081386,156.95999710261822,227.95499561633915,135.09499740228057,72.54999852459878
88_1_ctrl-30,1.3550000190734863,1.3550000190734863,1.365000018849969,1.3550000190734863,0.009999999776482582
88_1_ctrl+30,79.23499798122793,88.39499770570546,184.48999542091042,70.63999821525067,262.01499455049634
89_1_event+0,125.50999619811773,170.78499540127814,556.4749856963754,114.56999653577805,450.02998913638294
89_1_ctrl-30,19.0649996381253,35.28499926626682,293.17499368917197,10.574999744072556,285.3699937425554
89_1_ctrl+30,0,0,159.89999569952488,0,285.4099918976426
90_0_event+0,181.31499458570033,304.3499914770946,407.7199895940721,156.16499489545822,226.61499500647187
90_0_ctrl-30,0.20999999810010195,0.25499999709427357,92.02499846089631,0.20999999810010195,92.37999844178557
90_0_ctrl+30,11.774999762885273,27.06499920785427,192.50499515794218,10.379999759607017,362.04498998075724
90_1_event+0,250.12999445945024,267.15499400068074,275.59999378491193,132.2249971330166,26.124999319203198
90_1_ctrl-30,0.6549999937415123,2.6149999275803566,254.66499483026564,0.6549999937415123,305.57499374449253
90_1_ctrl+30,6.554999938234687,15.334999879822135,155.47999656759202,2.9899999648332596,399.0549910888076
91_1_event+0,14.789999567903578,300.4399930406362,652.5699855349958,10.07499972358346,637.7799859670922
91_1_ctrl-30,0,16.244999520480633,206.9149951012805,0,251.91999402828515
91_1_ctrl+30,0.4899999797344208,12.579999692738056,108.20499704033136,0.4899999797344208,122.50499662850052
92_0_event+0,48.29999880865216,99.21999768726528,172.55499576032162,24.41999927908182,124.25499695166945
92_0_ctrl-30,0,0.16499998979270458,186.52999524306506,0,186.52999524306506
92_0_ctrl+30,34.404999151825905,113.1549973860383,388.99499174859375,26.849999386817217,402.88999140542
92_1_event+0,38.589999217540026,284.11999199166894,294.25499177817255,28.674999456852674,278.82499208208174
92_1_ctrl-30,23.15999952144921,25.379999469965696,170.52499575074762,23.15999952144921,196.7599946213886
92_1_ctrl+30,0,0.824999968521297,64.88499871082604,0,103.47499792836607
93_0_event+0,18.614999616518617,188.1299960501492,376.2549916347489,12.224999791011214,357.6449920181185
93_0_ctrl-30,0.004999999888241291,1.1349999774247408,40.48999865911901,0.004999999888241291,40.48499865923077
93_0_ctrl+30,0,1.2549999691545963,157.61999588925391,0,176.23499550577253
93_1_event+0,126.01499629765749,180.2349948771298,374.34498982690275,70.5699977837503,248.39499352686107
93_1_ctrl-30,0.06499999761581421,20.159999824129045,54.29999888781458,0.06499999761581421,112.81499789841473
93_1_ctrl+30,15.689999586902559,28.25999917834997,172.39499527122825,14.884999602101743,282.7199919819832
94_0_event+0,0,0,13.374999527819455,0,16.569999419152737
94_0_ctrl-30,3.194999891333282,3.2249998906627297,158.23999750893563,2.4499999172985554,155.04499761760235
94_0_ctrl+30,0,0,4.009999839589,0,4.009999839589
94_1_event+0,3.879999921657145,8.18999982997775,98.82999818399549,1.9999999459832907,96.37999823782593
94_1_ctrl-30,1.4299999754875898,63.40999859571457,322.51999298948795,1.2899999767541885,323.49499290715903
94_1_ctrl+30,32.66499885357916,57.23999824374914,115.23999664373696,20.554999375715852,86.45499771181494
95_1_event+0,170.09499524720013,171.51499521173537,286.34999268501997,86.75999779626727,127.619996920228
95_1_ctrl-30,11.364999482408166,25.199999283999205,143.38499656226486,5.924999635666609,161.75999597925693
95_1_ctrl+30,11.944999683648348,29.07999951019883,208.15499522536993,6.824999824166298,366.3049907889217
96_1_event+0,0,0,0,0,0
96_1_ctrl-30,0,3.9700000286102295,3.9700000286102295,0,4.0950000286102295
96_1_ctrl+30,0,0.17000000178813934,21.674999304115772,0,21.674999304115772
97_1_event+0,205.384995771572,298.6849939581007,401.8249913677573,177.62999648228288,196.619995592162
97_1_ctrl-30,0.17999999597668648,0.39499999210238457,295.91999343875796,0.17999999597668648,295.73999344278127
97_1_ctrl+30,0,7.7399997459724545,22.664999440312386,0,228.04999521188438
97_2_event+0,139.93499656766653,260.3349936194718,350.28999153431505,77.48499825876206,222.34999467991292
97_2_ctrl-30,11.994999713264406,19.654999415390193,148.59999651182443,10.35499974526465,136.96499678399414
97_2_ctrl+30,0.2449999889358878,40.9099989682436,78.10499816667289,0.2449999889358878,217.79499474540353
98_2_event+0,114.66499716974795,161.52999602723867,329.7199920453131,58.87999820895493,216.40999482851475
98_2_ctrl-30,1.3549999529495835,26.524999937973917,202.62499638274312,0.649999987334013,201.26999642979354
98_2_ctrl+30,0.7199999690055847,61.01999882608652,117.08499750494957,0.7199999690055847,231.02999470569193
99_2_event+0,146.3649967648089,149.3649966996163,329.2849919348955,96.63999798800796,207.12499444186687
99_2_ctrl-30,24.204999271780252,28.954999106004834,189.22499567084014,24.154999274760485,165.11999639682472
99_2_ctrl+30,67.99499795585871,84.05999755393714,208.0699942521751,48.564998514950275,286.4399930611253
100_1_event+0,249.47499343566597,282.1249926444143,307.22999185230583,137.68499663472176,58.79999839421362
100_1_ctrl-30,1.0449999775737524,1.0649999771267176,89.12499714270234,1.004999978467822,88.07999716512859
100_1_ctrl+30,0,0,159.84499603509903,0,409.319989470765
100_2_event+0,13.289999669417739,15.039999617263675,136.9999966993928,11.679999709129333,179.2299955645576
100_2_ctrl-30,55.519998534582555,61.45999836362898,207.01499479450285,55.519998534582555,151.8999962536618
100_2_ctrl+30,13.124999723397195,32.57999922800809,180.67499603051692,12.664999735541642,180.83999597653747
101_2_event+0,10.024999747052789,28.129999740980566,202.46499626059085,5.109999820590019,202.16499640606344
101_2_ctrl-30,9.724999892525375,14.909999821335077,340.7299917843193,5.854999955743551,353.73999125603586
101_2_ctrl+30,5.929999849759042,163.41499599069357,324.4599921433255,3.0499999076128006,328.55499204061925
102_2_event+0,0,13.50999965518713,140.42999736592174,0,140.42999736592174
102_2_ctrl-30,0,3.0949999317526817,297.1549920691177,0,317.27499138284475
102_2_ctrl+30,89.79499797802418,124.87499719019979,300.82499298639596,57.919998813420534,211.02999500837177
103_1_event+0,0,0,11.639999920502305,0,11.639999920502305
103_1_ctrl-30,0,17.169999641366303,18.649999600835145,0,20.099999546073377
103_1_ctrl+30,19.3049993570894,19.3049993570894,19.37499935552478,16.599999437108636,0.06999999843537807
103_2_event+0,170.32499628793448,170.7599962828681,206.40999533981085,86.31999811530113,62.464998461306095
103_2_ctrl-30,26.37999940942973,28.08499939274043,180.49499527271837,22.06499945372343,173.05999523960054
103_2_ctrl+30,1.1699999812990427,13.284999727271497,85.46499800961465,0.7599999876692891,254.6199943162501
104_2_event+0,52.45499892625958,60.51499879360199,362.4349916400388,48.87999899685383,312.6899926196784
104_2_ctrl-30,2.709999905899167,6.809999831952155,18.429999630898237,2.7049999060109258,23.934999587014318
104_2_ctrl+30,9.699999741278589,40.44999904092401,207.25499483197927,8.309999781660736,250.00999401696026
105_2_event+0,52.45499892625958,60.51499879360199,362.4349916400388,48.87999899685383,312.6899926196784
105_2_ctrl-30,2.709999905899167,6.809999831952155,18.429999630898237,2.7049999060109258,23.934999587014318
105_2_ctrl+30,9.699999741278589,40.44999904092401,207.25499483197927,8.309999781660736,250.00999401696026
106_1_event+0,117.58999738655984,219.51999486796558,497.72498747427016,72.68499828316271,380.1349900877103
106_1_ctrl-30,0,11.784999785013497,216.6549962311983,0,241.66499567590654
106_1_ctrl+30,0.19499999098479748,1.3999999519437551,360.949990183115,0.19499999098479748,478.34498757869005
106_2_event+0,32.55999928154051,44.399998892098665,399.4799911295995,22.449999392032623,369.5249918047339
106_2_ctrl-30,2.604999956674874,11.82999977376312,75.71999874338508,1.4999999599531293,81.3199985139072
106_2_ctrl+30,14.804999540559947,75.61999754235148,234.6599938068539,10.234999623149633,252.41499354783446
107_0_event+0,227.78999584633857,256.63499499857426,772.209985258989,183.87499696016312,551.654989214614
107_0_ctrl-30,7.234999801963568,7.234999801963568,174.8149960897863,5.759999821893871,202.68999544996768
107_0_ctrl+30,0,0,299.48999394197017,0,527.2799897883087
107_1_event+0,0,0.029999999329447746,229.88499506562948,0,232.9349950896576
107_1_ctrl-30,3.0500000240281224,3.0500000240281224,101.77999841235578,3.0500000240281224,114.85999792069197
107_1_ctrl+30,0,5.584999875165522,12.929999598301947,0,12.929999598301947
107_2_event+0,279.464994488284,287.2049942808226,312.63499370682985,142.95499742031097,33.169999218545854
107_2_ctrl-30,0,2.2149999234825373,270.8899938268587,0,304.69999283272773
107_2_ctrl+30,0.004999999888241291,25.934999438934028,242.16499424912035,0.004999999888241291,521.6249887375161
108_1_event+0,295.1499940510839,300.05499391816556,402.004991363734,177.62999648228288,107.06999730877578
108_1_ctrl-30,0.2149999961256981,0.2149999961256981,295.73999344278127,0.2149999961256981,295.52499344665557
108_1_ctrl+30,0.1349999951198697,7.7399997459724545,22.664999440312386,0.1349999951198697,317.67999349627644
108_2_event+0,206.994994613342,259.7449936410412,351.094991534017,77.48499825876206,154.6999966558069
108_2_ctrl-30,10.59999973513186,18.259999437257648,147.564996519126,10.35499974526465,136.96499678399414
108_2_ctrl+30,26.134999363683164,43.84499886166304,78.69499814510345,25.889999374747276,259.5549933947623
109_0_event+0,0,0,36.389999164268374,0,36.389999164268374
109_0_ctrl-30,0,0,64.68499795533717,0,65.04499794729054
109_0_ctrl+30,2.0199999287724495,17.629999475553632,153.34499588608742,2.0199999287724495,151.32499595731497
109_1_event+0,3.8049999410286546,8.604999751783907,16.854999534785748,3.0949999624863267,13.049999593757093
109_1_ctrl-30,0,0,94.44999849423766,0,98.87499832734466
109_1_ctrl+30,0,0,96.12499779928476,0,99.92999774031341
109_2_event+0,4.144999912939966,12.82999980263412,138.13999692723155,4.059999914839864,133.99499701429158
109_2_ctrl-30,0,8.924999904818833,169.7499968567863,0,170.58999682497233
109_2_ctrl+30,10.609999829903245,21.894999550655484,234.25999435409904,10.224999839439988,227.79499443713576
110_0_event+0,212.0749968998134,387.45999535825104,561.2949911244214,134.33499830495566,350.54999419953674
110_0_ctrl-30,1.3299999749287963,2.479999938979745,117.08499746862799,1.1549999779090285,116.6299974936992
110_0_ctrl+30,3.984999948181212,10.02999973576516,248.5499944407493,2.0300000198185444,456.6399913923815
110_1_event+0,30.889999304898083,37.14499905705452,216.40999512933195,23.039999490603805,185.5349958240986
110_1_ctrl-30,0.014999999664723873,0.22999999299645424,217.94499528966844,0.014999999664723873,227.249995036982
110_1_ctrl+30,0,6.600000015459955,55.6399993468076,0,86.52999865170568
110_2_event+0,11.239999641664326,11.404999636113644,30.46499919425696,11.239999641664326,29.554999325424433
110_2_ctrl-30,10.329999772831798,82.1549978852272,428.3999895201996,6.754999838769436,429.39498961064965
110_2_ctrl+30,89.33999882731587,90.58999879099429,262.2649946929887,79.1399992229417,184.16499550733715
111_1_event+0,33.22999949194491,47.09999908041209,86.4999977843836,19.914999894797802,53.34499828796834
111_1_ctrl-30,0.07499999552965164,0.07499999552965164,120.63499712012708,0.07499999552965164,123.12999707460403
111_1_ctrl+30,124.9599970728159,134.20499686338007,271.58499374147505,61.72999899554998,179.85499616060406
111_2_event+0,25.3249997748062,51.12999926600605,103.83999798353761,25.31999977491796,78.51499820873141
111_2_ctrl-30,0,2.110000006854534,17.634999501518905,0,17.634999501518905
111_2_ctrl+30,32.13499960117042,38.649999431334436,188.64999621454626,16.029999697580934,181.83999638818204
112_0_event+0,0.7099999943748116,71.63999823015183,391.68499061558396,0.6749999960884452,397.55499062873423
112_0_ctrl-30,6.580000007525086,28.43999945744872,57.12499920837581,5.400000017136335,56.78499909397215
112_0_ctrl+30,0.11999999731779099,17.33999965619296,57.15999863483012,0.11999999731779099,57.74999863188714
112_1_event+0,4.464999884366989,53.449998582713306,88.47499771881849,4.464999884366989,87.23999776039273
112_1_ctrl-30,3.229999925941229,20.729999496601522,420.9049913119525,3.2199999261647463,417.88999137468636
112_1_ctrl+30,65.20999875571579,214.4749937551096,274.6549927042797,59.84999883081764,213.90999383293092
112_2_event+0,0.044999998062849045,35.84999944828451,52.104999236762524,0.044999998062849045,52.059999238699675
112_2_ctrl-30,0,0.0949999988079071,21.949999641627073,0,25.864999452605844
112_2_ctrl+30,0.19499999657273293,36.3449992807582,184.78499582968652,0.18499999679625034,184.63499583117664
113_2_event+0,0.02499999850988388,35.4799990253523,47.15499863680452,0.02499999850988388,47.12999863829464
113_2_ctrl-30,0,0.03500000014901161,28.63999860920012,0,28.80999861098826
113_2_ctrl+30,0.4499999824911356,31.99999919999391,176.29499631375074,0.42999998293817043,175.8699963297695
114_1_event+0,121.01499742362648,124.09999733790755,132.31499708723277,62.67499836534262,39.904998790472746
114_1_ctrl-30,28.60499912686646,29.429999099113047,38.879998698830605,17.524999167770147,10.324999568983912
114_1_ctrl+30,29.874999284744263,41.70499887317419,403.9699903447181,15.249999633990228,495.1099884836003
114_2_event+0,120.72999566793442,137.68999550491571,246.9899924620986,61.169996961951256,174.38499581534415
114_2_ctrl-30,48.124999021179974,50.059998979792,178.39999559056014,46.45999904349446,130.27499656938016
114_2_ctrl+30,0,0.014999999664723873,50.69999874383211,0,171.42999441176653
115_2_event+0,31.559999583289027,49.81999919656664,130.27499615959823,21.564999722875655,187.38499431405216
115_2_ctrl-30,88.66999773774296,89.86499771196395,220.19499499630183,48.254998760297894,174.2099967142567
115_2_ctrl+30,0,0,69.59499832428992,0,101.15499790757895
116_0_event+0,50.569998659193516,57.729998365044594,243.06999396253377,49.339998699724674,207.819995011203
116_0_ctrl-30,15.319999707862735,41.49499931000173,105.68999780807644,15.269999708049,99.214997834526
116_0_ctrl+30,0.28999999910593033,14.76499975565821,58.11499851755798,0.28999999910593033,108.39499717764556
116_1_event+0,10.604999736882746,70.36499791871756,145.00999597553164,5.539999898523092,141.57999599631876
116_1_ctrl-30,7.174999757669866,35.11499905958772,273.5449924413115,6.014999784529209,266.3699926836416
116_1_ctrl+30,0.009999999776482582,0.009999999776482582,114.29499694239348,0.009999999776482582,124.88999667949975
116_2_event+0,21.164999370463192,34.02999895438552,198.37999578285962,16.819999437779188,177.82999638933688
116_2_ctrl-30,0.614999976940453,30.454999222420156,51.30499865207821,0.524999980814755,50.984998662024736
116_2_ctrl+30,32.309999303892255,71.08999816700816,174.34999597258866,16.70499962195754,163.2049960391596
117_0_event+0,115.91499766428024,129.66999737732112,535.6699881348759,64.47999828960747,477.2949888827279
117_0_ctrl-30,57.53999841213226,60.14499834924936,135.03999678511173,35.82499890681356,78.80999831762165
117_0_ctrl+30,2.524999976158142,14.364999623037875,232.92499427311122,2.524999976158142,346.3149919612333
117_1_event+0,166.649995601736,169.45999551564455,285.88999274745584,88.33499733824283,199.2749945828691
117_1_ctrl-30,80.03499743714929,85.62499729916453,101.65999704506248,53.409998159855604,21.624999607913196
117_1_ctrl+30,19.42499949131161,163.6299976175651,387.4799950160086,18.98499949183315,534.704991126433
117_2_event+0,117.16999798081815,123.54499775823206,262.58999504707754,79.14999863319099,147.34499703161418
117_2_ctrl-30,1.9249999653548002,22.92999954894185,146.68499669525772,1.429999977350235,144.78999672923237
117_2_ctrl+30,152.3749966174364,162.4999963659793,354.05499208997935,141.43999683856964,318.8499934533611
118_0_event+0,207.14999649953097,232.2199959643185,359.09999343007803,189.15499705076218,182.06499627325684
118_0_ctrl-30,30.11499934270978,126.54499687440693,205.8549953242764,29.339999362826347,207.4849950922653
118_0_ctrl+30,24.244999430142343,24.244999430142343,109.66499749105424,24.244999430142343,292.56999456044286
118_1_event+0,0.284999992698431,0.4399999938905239,128.64499700721353,0.2449999935925007,128.3599970145151
118_1_ctrl-30,0,20.319999252445996,103.68999782577157,0,103.68999782577157
118_1_ctrl+30,0,33.9699990907684,96.6149975406006,0,96.89999753329903
118_2_event+0,0,11.069999724626541,96.3899978576228,0,101.96499771624804
118_2_ctrl-30,5.574999858625233,5.594999858178198,103.77499788906425,5.389999866485596,98.41499802842736
118_2_ctrl+30,2.3049999391660094,65.319998270832,368.0049912277609,1.3349999748170376,365.6999912885949
119_2_event+0,9.684999883174896,37.07499933987856,310.23999304603785,9.684999883174896,320.84499255008996
119_2_ctrl-30,20.289999387227,83.32999766618013,149.09999608900398,18.679999442771077,147.3949964819476
119_2_ctrl+30,0.48499998450279236,0.9849999723955989,226.83499523065984,0.48499998450279236,236.03499512933195
120_0_event+0,110.23999762907624,233.3699942259118,302.12999300379306,56.094998905435205,209.53999487590045
120_0_ctrl-30,17.64999950118363,19.964999379590154,115.5349967526272,15.52499954868108,97.88499725144356
120_0_ctrl+30,0.4999999776482582,0.4999999776482582,208.77999509964138,0.4999999776482582,318.51999275106937
120_1_event+0,58.89499875996262,88.42999835126102,95.46499821264297,46.74499906972051,117.96499823220074
120_1_ctrl-30,81.39499877952039,104.3849983792752,158.0849968455732,52.564999162219465,96.34499733988196
120_1_ctrl+30,15.274999473243952,16.399999449960887,133.4149967795238,8.484999764710665,177.03499606624246
120_2_event+0,25.04999897722155,26.684998922981322,53.969998348504305,21.189999097958207,83.73999809939414
120_2_ctrl-30,54.819998728111386,174.56999614834785,285.7149937739596,20.93999944627285,232.21999500319362
120_2_ctrl+30,0,0,30.759999476373196,0,55.809998453594744
121_2_event+0,55.86499820277095,67.34999793767929,69.58499784301966,40.034998735412955,13.719999640248716
121_2_ctrl-30,0,2.4349999111145735,206.36499488167465,0,208.82999481074512
121_2_ctrl+30,0,0,82.29999785870314,0,138.16499606147408
122_2_event+0,64.46499832905829,70.05999815370888,72.34999807737768,43.614999080076814,7.884999748319387
122_2_ctrl-30,0,1.804999959655106,198.75999610871077,0,218.30999572202563
122_2_ctrl+30,0,0,68.79999891947955,0,133.26499724853784
123_2_event+0,68.40499856509268,151.55499713867903,163.86999677773565,29.20999942626804,95.46499821264297
123_2_ctrl-30,0,82.8799987481907,158.0849968455732,0,158.0849968455732
123_2_ctrl+30,1.3999999361112714,16.674999409355223,66.40999815054238,1.3999999361112714,133.4149967795238
124_2_event+0,152.89999553374946,163.124995412305,279.2899948200211,99.32499749958515,126.38999928627163
124_2_ctrl-30,0,91.46999861951917,281.7799942186102,0,281.7799942186102
124_2_ctrl+30,0,0,156.19999582413584,0,309.0999913578853
125_2_event+0,0.5199999809265137,0.9449999630451202,287.7349929884076,0.5199999809265137,287.2149930074811
125_2_ctrl-30,0,0,157.0799968522042,0,157.0799968522042
125_2_ctrl+30,0,29.104999344795942,40.84499891009182,0,41.36499889101833
126_2_event+0,125.33999675139785,180.6099957106635,600.7549870992079,59.68499847128987,481.9499903181568
126_2_ctrl-30,6.534999970346689,6.589999970048666,23.304999657906592,6.534999970346689,16.769999687559903
126_2_ctrl+30,26.654999491758645,87.27499834820628,284.7199938669801,22.83499958924949,383.4049911266193
129_1_event+0,35.49499874282628,152.4999967487529,372.37499198596925,14.124999502673745,364.0249924855307
129_1_ctrl-30,27.144999242387712,37.744998826645315,218.3299944512546,14.90999948233366,191.2449952084571
129_1_ctrl+30,0,0,163.7099965568632,0,199.20499529968947
129_2_event+0,122.45499690063298,187.97499550879002,250.79999381210655,61.94499828387052,128.3599969111383
129_2_ctrl-30,0.014999999664723873,0.029999999329447746,116.94499744661152,0.014999999664723873,116.9299974469468
129_2_ctrl+30,0,0,251.45999375917017,0,373.91499065980315
131_2_event+0,75.34499893337488,121.93999800924212,322.29999324679375,37.3149995431304,246.95499431341887
131_2_ctrl-30,0,28.229999355971813,173.30999700073153,0,178.19499684590846
131_2_ctrl+30,0.3049999950453639,7.814999749884009,301.77499337121844,0.3049999950453639,376.81499230954796
132_2_event+0,1.7499999906867743,371.5949919875711,524.2899886127561,1.7149999905377626,522.7849886212498
132_2_ctrl-30,0.24499999918043613,0.9549999916926026,110.62499808333814,0.23499999940395355,110.66999807208776
132_2_ctrl+30,16.53999950736761,40.519998918287456,303.24999146256596,9.339999724179506,288.4599919458851
133_2_event+0,1.7499999906867743,371.5949919875711,524.2899886127561,1.7149999905377626,522.7849886212498
133_2_ctrl-30,0.24499999918043613,0.9549999916926026,110.62499808333814,0.23499999940395355,110.66999807208776
133_2_ctrl+30,16.53999950736761,40.519998918287456,303.24999146256596,9.339999724179506,288.4599919458851
134_2_event+0,270.15999468788505,301.5599938398227,374.2499920744449,177.62999648228288,104.30499738268554
134_2_ctrl-30,0.2149999961256981,0.2149999961256981,295.73999344278127,0.2149999961256981,295.52499344665557
134_2_ctrl+30,4.684999816119671,7.749999745748937,50.4199987296015,4.549999820999801,315.8949936013669
135_2_event+0,15.419999682344496,20.434999604709446,533.0649877665564,13.339999770745635,517.7549880817533
135_2_ctrl-30,0.1099999975413084,1.594999966211617,80.57999784406275,0.06499999947845936,114.66499762609601
135_2_ctrl+30,6.08499997202307,42.499999082647264,336.89499235898256,4.9350000116974115,346.229992069304
136_2_event+0,0.09999999590218067,6.919999782927334,586.9249858381227,0.05499999690800905,586.8949858406559
136_2_ctrl-30,0.06999999843537807,38.54499911610037,264.3749940674752,0.06999999843537807,264.3049940690398
136_2_ctrl+30,32.639999233186245,41.49999902024865,659.1899839574471,19.80499962158501,626.649984720163
137_2_event+0,129.54999782331288,249.7249945094809,406.4649906447157,66.52499892935157,300.069992297329
137_2_ctrl-30,23.15499947592616,31.739999289624393,158.98499691672623,20.10499957203865,213.61499607376754
137_2_ctrl+30,188.499996220693,212.52999539859593,786.4249825924635,68.13499868102372,727.4749841950834
164_2_event+0,13.984999840147793,25.2999995816499,72.0649986481294,9.96499990299344,114.50999761000276
164_2_ctrl-30,56.429998802021146,105.31999754998833,480.3199883773923,39.229999132454395,431.0549892783165
164_2_ctrl+30,0.9149999618530273,55.23499898798764,194.75499587412924,0.9149999618530273,207.824995752424
168_0_event+0,38.37999925762415,65.63999852444977,65.63999852444977,19.354999566450715,34.839999250136316
168_0_ctrl-30,7.5799999833106995,7.5799999833106995,111.17499787546694,6.850000023841858,154.62999679334462
168_0_ctrl+30,0,0,17.98999945539981,0,56.36999871302396
168_1_event+0,155.83499619737267,158.4449961623177,260.1149932863191,70.66999860107899,104.2799970889464
168_1_ctrl-30,0,0.06499999761581421,166.18999709002674,0,166.41499708406627
168_1_ctrl+30,0,14.999999709427357,41.824999334290624,0,197.6599955316633
171_0_event+0,0,10.31499973218888,10.949999728240073,0,11.114999723620713
171_0_ctrl-30,0.16499999538064003,0.3099999912083149,134.40499699581414,0.16499999538064003,173.5499957660213
171_0_ctrl+30,0.6149999797344208,0.6149999797344208,0.6749999783933163,0.6149999797344208,0.05999999865889549
172_0_event+0,132.02499731630087,173.13999643269926,203.70499546732754,77.34999803639948,74.3149981694296
172_0_ctrl-30,2.635000018402934,2.635000018402934,125.72999702487141,2.635000018402934,123.09499700646847
172_0_ctrl+30,0,0,328.23499152529985,0,460.2599888416007
173_1_event+0,1.709999923594296,13.894999716430902,61.24999879859388,1.1599999442696571,66.12999890837818
173_1_ctrl-30,6.590000033378601,8.489999977871776,23.30499951634556,6.105000048875809,40.644998574629426
173_1_ctrl+30,5.6549998708069324,5.739999868907034,151.91499629803002,3.2799999229609966,147.96999635081738
173_2_event+0,38.589999217540026,284.11999199166894,294.25499177817255,28.674999456852674,278.82499208208174
173_2_ctrl-30,23.15999952144921,25.379999469965696,170.52499575074762,23.15999952144921,196.7599946213886
173_2_ctrl+30,0,0.824999968521297,64.88499871082604,0,103.47499792836607
174_2_event+0,18.004999334923923,25.254999195225537,224.97999445255846,17.869999340735376,211.66999495215714
174_2_ctrl-30,4.694999834522605,4.694999834522605,320.3549916232005,4.6349998358637094,324.5849916310981
174_2_ctrl+30,0,0,38.899999080225825,0,56.90499841514975
175_2_event+0,0,13.50999965518713,140.42999736592174,0,140.42999736592174
175_2_ctrl-30,0,3.0949999317526817,297.1549920691177,0,317.27499138284475
175_2_ctrl+30,89.79499797802418,124.87499719019979,300.82499298639596,57.919998813420534,211.02999500837177
176_2_event+0,19.474999642930925,24.20999955292791,218.55999575275928,19.38499964773655,234.18999539222568
176_2_ctrl-30,35.10499928239733,86.01499810628593,182.67499635461718,30.694999361410737,168.96499653346837
176_2_ctrl+30,63.4349981546402,265.5399936866015,266.4849936515093,31.634999103844166,222.5249951398
177_2_event+0,33.96999938227236,49.09499908052385,195.5199957061559,16.314999777823687,189.73999554198235
177_2_ctrl-30,28.18999921809882,47.7849989682436,105.90999762620777,22.274999340064824,77.71999840810895
177_2_ctrl+30,6.7499998565763235,31.119999330490828,243.53499475680292,6.524999862536788,270.75499428249896
178_0_event+0,162.9999975245446,181.2349970061332,409.98999130539596,82.4949989579618,247.61499375943094
178_0_ctrl-30,0.6249999785795808,4.654999880120158,114.96999724861234,0.46499998215585947,162.50499596912414
178_0_ctrl+30,0.18499999307096004,0.7399999937042594,225.999995729886,0.11999999638646841,388.81499326135963
178_1_event+0,271.34499408956617,329.1899929139763,626.3299856865779,126.90499785542488,355.3649915801361
178_1_ctrl-30,0.37999998312443495,0.37999998312443495,57.97999847121537,0.35499998461455107,59.0049984594807
178_1_ctrl+30,12.204999809153378,56.93999865651131,126.96999750193208,8.344999910332263,386.1099917823449
178_2_event+0,44.73499884735793,74.57499839831144,386.1099917823449,36.36499897018075,397.18999180197716
178_2_ctrl-30,55.81499886699021,94.74499804992229,355.3649915801361,29.61999937146902,299.5499927131459
178_2_ctrl+30,0,3.3899998953565955,139.7149964030832,0,184.44999525044113
179_1_event+0,13.789999725297093,302.46499488223344,368.909993307665,10.179999773390591,383.72999282740057
179_1_ctrl-30,28.609999245032668,38.1049991119653,197.97999639995396,26.819999292492867,219.23999611847103
179_1_ctrl+30,14.979999498464167,41.73999866191298,206.709994812496,14.894999497570097,205.51999503932893
179_2_event+0,35.73499940615147,102.17999823670834,295.1949937129393,22.244999597780406,330.90499254036695
179_2_ctrl-30,71.4449982335791,83.49499789532274,273.46999336685985,58.60499845817685,209.66999493725598
179_2_ctrl+30,0.12499999720603228,0.12499999720603228,76.95999849680811,0.09499999787658453,112.56999790575355
180_1_event+0,32.589999745599926,58.39999923668802,111.10999795421958,25.31999977491796,78.51999820861965
180_1_ctrl-30,0,2.110000006854534,17.634999501518905,0,17.634999501518905
180_1_ctrl+30,37.984999399632215,46.564999173395336,190.53999596089125,16.029999697580934,185.14499630685896
180_2_event+0,9.589999737218022,9.589999737218022,249.6099944524467,5.509999874979258,244.26999463606626
180_2_ctrl-30,4.249999920837581,4.2549999207258224,118.33499756548554,2.73499995470047,143.78499687090516
180_2_ctrl+30,6.359999931417406,6.3749999310821295,62.479998459108174,3.6399999959394336,65.70999826490879
181_0_event+0,1.104999982751906,256.4299942692742,406.36999065056443,1.0249999836087227,408.2399905426428
181_0_ctrl-30,2.974999874830246,3.019999872893095,112.68999809678644,2.974999874830246,120.69499789178371
181_0_ctrl+30,16.924999655224383,33.04999919887632,342.5999923516065,16.434999668970704,326.779992679134
181_1_event+0,188.2849956098944,204.2349951369688,249.1049943929538,98.09499786794186,84.08499829284847
181_1_ctrl-30,23.26499950978905,27.584999420680106,129.72999670077115,22.764999519102275,146.96499642077833
181_1_ctrl+30,2.1349999457597733,6.169999829493463,72.67499811016023,1.369999971240759,258.82499377429485
181_2_event+0,107.93999757245183,123.89999727159739,261.82999355439097,63.99499873816967,193.74999528657645
181_2_ctrl-30,39.85999930463731,45.544999143108726,170.21999572589993,35.37999938428402,130.35999642126262
181_2_ctrl+30,0,0,44.014999095350504,0,151.95499666780233
182_0_event+0,231.86999456584454,403.044990981929,609.8149858489633,135.79999704658985,378.5549912676215
182_0_ctrl-30,0.6099999845027924,23.08499930333346,173.86999550741166,0.6099999845027924,262.2299937484786
182_0_ctrl+30,6.854999851435423,13.399999752640724,96.17999774124473,5.8999998569488525,321.19499245565385
182_1_event+0,45.78999905101955,46.76999904029071,107.95499796234071,39.33499916642904,78.20499830972403
182_1_ctrl-30,16.03999939840287,34.994998819194734,641.3949847435579,14.214999474585056,628.7699852697551
182_1_ctrl+30,199.91999502293766,202.56499492004514,240.68499432038516,101.33999698515981,86.55499834846705
182_2_event+0,5.664999879896641,153.67999710142612,368.5699922526255,3.7849999144673347,362.9049923727289
182_2_ctrl-30,0,0.15999999549239874,149.00499623361975,0,156.5349960681051
182_2_ctrl+30,50.699998951517045,160.84999683964998,325.6549932360649,37.50999914482236,280.6199941644445
183_0_event+0,18.604999525472522,38.409998727962375,147.08999634999782,11.104999730363488,129.40999677684158
183_0_ctrl-30,0.9249999523162842,4.074999935925007,123.76499679684639,0.9249999523162842,122.8399968445301
183_0_ctrl+30,11.424999622628093,34.65999889746308,345.694992124103,6.014999810606241,352.87499202694744
183_1_event+0,11.424999622628093,34.65999889746308,345.694992124103,6.014999810606241,352.87499202694744
183_1_ctrl-30,18.604999525472522,38.409998727962375,147.08999634999782,11.104999730363488,129.40999677684158
183_1_ctrl+30,2.7499999245628715,18.639999585226178,337.7549928743392,2.74499992467463,346.42999257240444
183_2_event+0,5.634999860078096,8.359999746084213,107.83499726559967,4.669999900273979,102.2149974051863
183_2_ctrl-30,0.014999999664723873,0.3799999840557575,172.63999663572758,0.014999999664723873,175.24999665096402
183_2_ctrl+30,3.8399998638778925,115.64999725017697,157.67499633412808,2.159999924711883,159.46999633032829
184_2_event+0,274.6249945219606,339.72499291505665,395.33499162178487,127.21499761939049,129.88999682012945
184_2_ctrl-30,9.179999720305204,80.5799976689741,194.31499501876533,8.369999747723341,187.0999952480197
184_2_ctrl+30,0.014999999664723873,0.014999999664723873,0.4249999802559614,0.014999999664723873,275.03499450255185
185_0_event+0,15.524999752640724,56.704999048262835,219.95999486092478,10.514999829232693,205.76999510265887
185_0_ctrl-30,1.3349999943748116,1.3349999943748116,120.18999736011028,1.3349999943748116,121.02999730035663
185_0_ctrl+30,37.04999931808561,311.1449922947213,470.9999887216836,18.529999628663063,449.47498915623873
185_1_event+0,120.08499870821834,153.71499826014042,767.6249839086086,64.70999920368195,685.5699841445312
185_1_ctrl-30,38.02999894414097,73.78499815240502,209.8249954842031,21.02999946475029,172.61499652732164
185_1_ctrl+30,0,0,416.25999112054706,0,536.3449898287654
185_2_event+0,98.90999790187925,240.48499511368573,281.94499405194074,59.409998630173504,184.1099961195141
185_2_ctrl-30,1.0749999694526196,33.38499937672168,175.9599959421903,1.0749999694526196,174.92999597080052
185_2_ctrl+30,4.084999842569232,4.084999842569232,465.7799887508154,2.8799999188631773,560.6049868101254
