id,debris_dist_km,debris_within_500m,debris_high_1km
1,1.115,0,0
2,0.537,0,1
3,0.105,1,1
4,0.435,1,1
5,5.519,0,0
6,0.812,0,1
7,0.054,1,0
8,0.003,1,1
9,7.748,0,0
10,0.164,1,1
11,0.023,1,0
12,1.446,0,0
13,3.776,0,0
14,0.506,0,1
15,0.634,0,1
16,0.267,1,1
17,0.305,1,1
18,4.797,0,0
19,0.729,0,1
21,8.306,0,0
23,0.08,1,0
24,0.176,1,1
25,0.271,1,1
26,0.011,1,1
27,0.379,1,1
28,0.18,1,0
29,0.348,1,1
31,0.564,0,1
32,0.06,1,1
33,0.905,0,0
34,0.557,0,1
35,0.622,0,0
36,0.028,1,0
37,0.575,0,0
38,0.536,0,1
39,0.377,1,0
40,1.536,0,0
41,0.782,0,1
42,0.279,1,0
43,3.171,0,0
44,0.087,1,1
45,0.32,1,1
46,0.196,1,1
47,0.524,0,1
48,0.66,0,1
49,0.679,0,1
50,0.334,1,1
51,0.287,1,1
52,0.512,0,0
53,0.164,1,1
54,0.64,0,0
55,0.521,0,1
56,0.906,0,0
57,8.654,0,0
58,0.388,1,0
59,0.333,1,0
60,0.251,1,0
61,1.425,0,0
63,0.063,1,1
64,1.394,0,0
65,8.153,0,0
66,0.064,1,1
67,0.283,1,0
68,0.051,1,1
69,0.736,0,1
71,0.335,1,0
72,2.52,0,0
73,1.653,0,0
74,0.782,0,0
75,0.68,0,0
76,2.017,0,0
77,0.013,1,1
78,0.258,1,0
79,2.736,0,0
80,0.099,1,1
81,0.339,1,0
82,0.923,0,0
83,0.042,1,1
85,2.275,0,0
86,2.046,0,0
87,1.911,0,0
88,0.915,0,0
89,0.177,1,1
90,0.095,1,1
91,0.615,0,1
92,0.075,1,1
93,3.916,0,0
94,0.338,1,1
95,0.81,0,1
96,0.348,1,1
97,0.062,1,1
98,0.56,0,1
99,0.128,1,1
100,0.248,1,1
101,0.305,1,0
102,0.198,1,0
103,0.296,1,0
104,0.154,1,1
105,0.413,1,1
106,0.577,0,1
107,8.193,0,0
108,1.582,0,0
109,2.08,0,0
110,0.015,1,0
111,1.718,0,0
112,0.815,0,0
113,2.742,0,0
114,4.634,0,0
115,0.015,1,0
117,1.1,0,0
118,0.423,1,0
119,0.012,1,1
120,0.748,0,1
121,0.557,0,0
122,0.399,1,0
123,0.595,0,1
124,1.029,0,0
125,0.559,0,0
126,8.712,0,0
127,0.536,0,1
128,0.907,0,0
129,0.5,1,0
130,0.282,1,0
131,0.388,1,0
132,0.193,1,1
133,0.514,0,1
134,0.557,0,1
135,0.026,1,1
136,0.913,0,0
137,0.013,1,0
138,0.061,1,0
139,1.806,0,0
140,0.893,0,0
141,0.423,1,1
142,0.18,1,1
143,0.42,1,0
144,2.85,0,0
145,2.322,0,0
146,3.825,0,0
147,0.093,1,1
148,6.708,0,0
149,1.333,0,0
150,2.754,0,0
151,0.821,0,0
152,0.079,1,1
153,0.045,1,1
154,0.065,1,1
155,0.585,0,0
156,0.496,1,0
157,0.491,1,0
158,0.713,0,0
159,1.482,0,0
160,1.406,0,0
161,0.014,1,0
162,0.12,1,1
163,2.538,0,0
164,0.42,1,0
165,0.045,1,0
166,16.166,0,0
167,2.524,0,0
168,0.764,0,1
169,0.997,0,0
170,0.365,1,0
171,1.881,0,0
172,0.92,0,0
173,0.396,1,0
174,0.042,1,1
175,0.136,1,0
176,0.155,1,0
177,0.316,1,0
179,0.205,1,1
180,1.404,0,0
181,4.488,0,0
182,0.811,0,1
183,5.885,0,0
184,0.296,1,1
185,0.422,1,1
186,0.714,0,1
187,1.098,0,0
188,0.557,0,1
189,0.075,1,1
190,1.366,0,0
191,5.629,0,0
192,11.581,0,0
193,0.037,1,0
194,0.167,1,1
195,0.028,1,1
197,0.594,0,1
198,2.3,0,0
199,3.878,0,0
200,1.831,0,0
neg_0,2.036,0,0
neg_1,4.344,0,0
neg_2,6.972,0,0
neg_3,5.91,0,0
neg_4,1.477,0,0
neg_5,3.172,0,0
neg_6,4.07,0,0
neg_7,1.425,0,0
neg_8,5.164,0,0
neg_9,7.104,0,0
neg_10,1.913,0,0
neg_11,3.781,0,0
neg_12,8.773,0,0
neg_13,0.869,0,0
neg_14,4.774,0,0
neg_15,3.252,0,0
neg_16,1.637,0,0
neg_17,9.122,0,0
neg_18,0.36,1,0
neg_19,1.344,0,0
neg_20,7.738,0,0
neg_21,3.522,0,0
neg_22,5.489,0,0
neg_23,2.263,0,0
neg_24,0.472,1,0
neg_25,3.71,0,0
neg_26,4.664,0,0
neg_27,3.416,0,0
neg_28,1.1,0,0
neg_29,4.526,0,0
neg_30,4.381,0,0
neg_31,6.618,0,0
neg_32,10.089,0,0
neg_33,11.75,0,0
neg_34,2.225,0,0
neg_35,10.986,0,0
neg_36,0.461,1,0
neg_37,1.243,0,0
neg_38,10.312,0,0
neg_39,0.835,0,0
neg_40,7.073,0,0
neg_41,0.792,0,0
neg_42,1.13,0,0
neg_43,4.662,0,0
neg_44,1.978,0,0
neg_45,12.164,0,0
neg_46,10.872,0,0
neg_47,0.366,1,1
neg_48,15.73,0,0
neg_49,1.4,0,0
neg_50,2.139,0,0
neg_51,0.979,0,0
neg_52,2.412,0,0
neg_53,10.654,0,0
neg_54,0.507,0,1
neg_55,8.68,0,0
neg_56,1.762,0,0
neg_57,0.144,1,1
neg_58,1.162,0,0
neg_59,2.561,0,0
neg_60,5.804,0,0
neg_61,2.963,0,0
neg_62,1.826,0,0
neg_63,10.069,0,0
neg_64,1.858,0,0
neg_65,2.342,0,0
neg_66,4.105,0,0
neg_67,1.96,0,0
neg_68,7.498,0,0
neg_69,5.712,0,0
neg_70,2.739,0,0
neg_71,0.32,1,1
neg_72,8.63,0,0
neg_73,2.524,0,0
neg_74,8.232,0,0
neg_75,3.497,0,0
neg_76,1.189,0,0
neg_77,0.471,1,0
neg_78,0.055,1,0
neg_79,4.1,0,0
neg_80,1.768,0,0
neg_81,4.416,0,0
neg_82,2.817,0,0
neg_83,3.453,0,0
neg_84,2.747,0,0
neg_85,12.335,0,0
neg_86,2.377,0,0
neg_87,4.895,0,0
neg_88,2.129,0,0
neg_89,7.16,0,0
neg_90,9.785,0,0
neg_91,0.323,1,1
neg_92,12.635,0,0
neg_93,9.875,0,0
neg_94,13.302,0,0
neg_95,2.536,0,0
neg_96,1.777,0,0
neg_97,2.03,0,0
neg_98,0.114,1,1
neg_99,4.575,0,0
neg_100,1.121,0,0
neg_101,1.447,0,0
neg_102,3.225,0,0
neg_103,0.138,1,1
neg_104,4.839,0,0
neg_105,0.969,0,0
neg_106,5.836,0,0
neg_107,9.181,0,0
neg_108,5.113,0,0
neg_109,0.313,1,0
neg_110,2.385,0,0
neg_111,1.449,0,0
neg_112,2.068,0,0
neg_113,0.345,1,1
neg_114,5.825,0,0
neg_115,3.995,0,0
neg_116,5.718,0,0
neg_117,0.32,1,0
neg_118,12.959,0,0
neg_119,3.571,0,0
neg_120,3.444,0,0
neg_121,2.348,0,0
neg_122,0.675,0,1
neg_123,17.54,0,0
neg_124,4.678,0,0
neg_125,0.161,1,0
neg_126,0.217,1,0
neg_127,11.067,0,0
neg_128,5.932,0,0
neg_129,2.698,0,0
neg_130,9.046,0,0
neg_131,6.52,0,0
neg_132,7.022,0,0
neg_133,0.799,0,1
neg_134,2.355,0,0
neg_135,1.488,0,0
neg_136,4.685,0,0
neg_137,8.674,0,0
neg_138,2.188,0,0
neg_139,6.058,0,0
neg_140,3.05,0,0
neg_141,9.507,0,0
neg_142,1.264,0,0
neg_143,3.91,0,0
neg_144,2.551,0,0
neg_145,1.292,0,0
neg_146,0.863,0,0
neg_147,8.813,0,0
neg_148,3.301,0,0
neg_149,7.405,0,0
neg_150,1.378,0,0
neg_151,0.624,0,0
neg_152,3.89,0,0
neg_153,18.868,0,0
neg_154,4.232,0,0
neg_155,3.367,0,0
neg_156,7.034,0,0
neg_157,0.865,0,1
neg_158,0.777,0,1
neg_159,0.895,0,0
neg_160,1.832,0,0
neg_161,3.782,0,0
neg_162,14.439,0,0
neg_163,0.658,0,0
neg_164,0.634,0,0
neg_165,13.875,0,0
neg_166,1.506,0,0
neg_167,4.591,0,0
neg_168,6.394,0,0
neg_169,0.199,1,0
neg_170,2.009,0,0
neg_171,7.269,0,0
neg_172,7.339,0,0
neg_173,0.476,1,0
neg_174,2.98,0,0
neg_175,0.072,1,1
neg_176,0.247,1,0
neg_177,15.152,0,0
neg_178,7.531,0,0
neg_179,7.322,0,0
neg_180,2.746,0,0
neg_181,4.03,0,0
neg_182,4.93,0,0
neg_183,9.193,0,0
neg_184,1.935,0,0
neg_185,2.069,0,0
neg_186,0.78,0,0
neg_187,6.316,0,0
neg_188,12.011,0,0
neg_189,0.907,0,0
neg_190,4.758,0,0
neg_191,0.308,1,1
neg_192,1.686,0,0
neg_193,4.741,0,0
neg_194,5.721,0,0
neg_195,3.128,0,0
neg_196,1.374,0,0
neg_197,4.917,0,0
neg_198,0.683,0,0
neg_199,1.734,0,0
neg_200,14.337,0,0
neg_201,1.692,0,0
neg_202,1.733,0,0
neg_203,1.462,0,0
neg_204,2.097,0,0
neg_205,2.235,0,0
neg_206,0.242,1,0
neg_207,5.891,0,0
neg_208,0.684,0,0
neg_209,14.616,0,0
neg_210,12.2,0,0
neg_211,0.303,1,1
neg_212,6.165,0,0
neg_213,7.831,0,0
neg_214,10.67,0,0
neg_215,5.675,0,0
neg_216,2.329,0,0
neg_217,12.331,0,0
neg_218,6.4,0,0
neg_219,12.026,0,0
neg_220,7.344,0,0
neg_221,1.663,0,0
neg_222,0.265,1,1
neg_223,4.269,0,0
neg_224,3.892,0,0
neg_225,1.869,0,0
neg_226,1.345,0,0
neg_227,4.756,0,0
neg_228,4.234,0,0
neg_229,9.54,0,0
neg_230,0.354,1,1
neg_231,4.997,0,0
neg_232,0.431,1,0
neg_233,7.444,0,0
neg_234,6.622,0,0
neg_235,9.912,0,0
neg_236,3.023,0,0
neg_237,1.231,0,0
neg_238,12.599,0,0
neg_239,6.278,0,0
neg_240,1.629,0,0
neg_241,1.736,0,0
neg_242,15.831,0,0
neg_243,3.193,0,0
neg_244,3.195,0,0
neg_245,3.356,0,0
neg_246,3.974,0,0
neg_247,3.778,0,0
neg_248,0.466,1,0
neg_249,1.123,0,0
neg_250,2.87,0,0
neg_251,0.127,1,0
neg_252,1.84,0,0
neg_253,4.668,0,0
neg_254,3.028,0,0
neg_255,4.416,0,0
neg_256,0.543,0,0
neg_257,1.905,0,0
neg_258,3.854,0,0
neg_259,2.979,0,0
neg_260,12.979,0,0
neg_261,0.108,1,1
neg_262,0.808,0,0
neg_263,0.198,1,1
neg_264,10.634,0,0
neg_265,3.114,0,0
neg_266,7.531,0,0
neg_267,0.334,1,1
neg_268,0.31,1,0
neg_269,9.16,0,0
neg_270,8.503,0,0
neg_271,17.995,0,0
neg_272,6.914,0,0
neg_273,2.118,0,0
neg_274,1.189,0,0
neg_275,18.283,0,0
neg_276,0.567,0,1
neg_277,4.515,0,0
neg_278,2.473,0,0
neg_279,2.439,0,0
neg_280,5.857,0,0
neg_281,3.119,0,0
neg_282,2.062,0,0
neg_283,2.583,0,0
neg_284,1.636,0,0
neg_285,1.585,0,0
neg_286,6.324,0,0
neg_287,9.943,0,0
neg_288,1.313,0,0
neg_289,1.32,0,0
neg_290,17.888,0,0
neg_291,8.962,0,0
neg_292,1.023,0,0
neg_293,1.827,0,0
neg_294,9.856,0,0
neg_295,4.762,0,0
neg_296,5.806,0,0
neg_297,3.461,0,0
neg_298,7.438,0,0
neg_299,3.005,0,0
neg_300,4.055,0,0
neg_301,16.706,0,0
neg_302,1.658,0,0
neg_303,0.169,1,0
neg_304,1.142,0,0
neg_305,5.71,0,0
neg_306,3.278,0,0
neg_307,11.057,0,0
neg_308,8.717,0,0
neg_309,2.541,0,0
neg_310,13.458,0,0
neg_311,0.645,0,0
neg_312,3.771,0,0
neg_313,0.912,0,1
neg_314,1.674,0,0
neg_315,0.604,0,0
neg_316,2.065,0,0
neg_317,6.469,0,0
neg_318,3.542,0,0
neg_319,4.893,0,0
neg_320,0.094,1,0
neg_321,5.383,0,0
neg_322,12.111,0,0
neg_323,2.747,0,0
neg_324,8.012,0,0
neg_325,3.923,0,0
neg_326,2.179,0,0
neg_327,12.395,0,0
neg_328,1.463,0,0
neg_329,2.098,0,0
neg_330,1.627,0,0
neg_331,2.239,0,0
neg_332,1.652,0,0
neg_333,0.038,1,1
neg_334,1.601,0,0
neg_335,3.043,0,0
neg_336,9.013,0,0
neg_337,0.968,0,1
neg_338,4.436,0,0
neg_339,0.258,1,0
neg_340,1.081,0,0
neg_341,1.182,0,0
neg_342,9.02,0,0
neg_343,1.097,0,0
neg_344,9.816,0,0
neg_345,0.518,0,1
neg_346,10.41,0,0
neg_347,6.967,0,0
neg_348,0.228,1,1
neg_349,3.987,0,0
neg_350,11.329,0,0
neg_351,6.081,0,0
neg_352,10.801,0,0
neg_353,0.242,1,1
neg_354,1.463,0,0
neg_355,0.279,1,0
neg_356,13.22,0,0
neg_357,4.22,0,0
neg_358,0.56,0,1
neg_359,1.611,0,0
neg_360,1.106,0,0
neg_361,0.318,1,0
neg_362,2.277,0,0
neg_363,1.759,0,0
neg_364,12.965,0,0
neg_365,10.782,0,0
neg_366,1.353,0,0
neg_367,9.884,0,0
neg_368,9.566,0,0
neg_369,5.635,0,0
neg_370,1.329,0,0
neg_371,10.918,0,0
neg_372,1.73,0,0
neg_373,11.725,0,0
neg_374,2.652,0,0
neg_375,3.793,0,0
neg_376,6.156,0,0
neg_377,2.169,0,0
neg_378,4.175,0,0
neg_379,9.594,0,0
neg_380,2.791,0,0
neg_381,2.393,0,0
neg_382,7.308,0,0
neg_383,0.965,0,1
neg_384,0.573,0,0
neg_385,11.082,0,0
neg_386,13.742,0,0
neg_387,0.037,1,0
neg_388,0.655,0,0
neg_389,0.03,1,1
neg_390,0.025,1,1
neg_391,14.499,0,0
neg_392,1.29,0,0
neg_393,2.819,0,0
neg_394,6.632,0,0
neg_395,2.769,0,0
neg_396,0.544,0,0
neg_397,5.323,0,0
neg_398,3.181,0,0
neg_399,11.385,0,0
neg_400,9.525,0,0
neg_401,7.909,0,0
neg_402,0.57,0,0
neg_403,1.269,0,0
neg_404,0.415,1,1
neg_405,3.441,0,0
neg_406,3.871,0,0
neg_407,5.373,0,0
neg_408,3.352,0,0
neg_409,7.304,0,0
neg_410,1.768,0,0
neg_411,3.139,0,0
neg_412,11.879,0,0
neg_413,0.524,0,0
neg_414,3.346,0,0
neg_415,0.042,1,1
neg_416,1.484,0,0
neg_417,1.502,0,0
neg_418,4.55,0,0
neg_419,0.91,0,1
neg_420,7.777,0,0
neg_421,0.006,1,0
neg_422,3.6,0,0
neg_423,7.807,0,0
neg_424,0.642,0,0
neg_425,0.454,1,0
neg_426,14.674,0,0
neg_427,2.186,0,0
neg_428,4.675,0,0
neg_429,0.845,0,0
neg_430,3.217,0,0
neg_431,1.771,0,0
neg_432,1.594,0,0
neg_433,8.248,0,0
neg_434,2.165,0,0
neg_435,0.526,0,1
neg_436,1.518,0,0
neg_437,0.979,0,0
neg_438,2.253,0,0
neg_439,2.214,0,0
neg_440,0.716,0,0
neg_441,7.646,0,0
neg_442,3.927,0,0
neg_443,10.224,0,0
neg_444,8.11,0,0
neg_445,8.795,0,0
neg_446,5.919,0,0
neg_447,3.525,0,0
neg_448,8.53,0,0
neg_449,0.925,0,0
neg_450,14.82,0,0
neg_451,2.802,0,0
neg_452,7.249,0,0
neg_453,0.409,1,0
neg_454,0.963,0,0
neg_455,1.81,0,0
neg_456,3.159,0,0
neg_457,0.002,1,0
neg_458,10.574,0,0
neg_459,2.021,0,0
neg_460,1.41,0,0
neg_461,1.833,0,0
neg_462,8.256,0,0
neg_463,1.368,0,0
neg_464,0.646,0,0
neg_465,0.396,1,0
neg_466,3.24,0,0
neg_467,1.043,0,0
neg_468,0.951,0,0
neg_469,12.42,0,0
neg_470,14.068,0,0
neg_471,11.688,0,0
neg_472,7.486,0,0
neg_473,1.001,0,0
neg_474,6.189,0,0
neg_475,7.274,0,0
neg_476,10.483,0,0
neg_477,2.988,0,0
neg_478,0.121,1,0
neg_479,1.182,0,0
neg_480,14.772,0,0
neg_481,0.49,1,0
neg_482,0.223,1,0
neg_483,3.806,0,0
neg_484,2.145,0,0
neg_485,1.797,0,0
neg_486,0.186,1,0
neg_487,13.045,0,0
neg_488,9.84,0,0
neg_489,12.875,0,0
neg_490,9.308,0,0
neg_491,6.127,0,0
neg_492,2.15,0,0
neg_493,10.458,0,0
neg_494,2.604,0,0
neg_495,5.508,0,0
neg_496,2.946,0,0
neg_497,1.6,0,0
neg_498,2.732,0,0
neg_499,3.047,0,0
neg_500,3.441,0,0
neg_501,1.163,0,0
neg_502,1.749,0,0
neg_503,0.252,1,1
neg_504,9.773,0,0
neg_505,0.486,1,1
neg_506,16.666,0,0
neg_507,1.166,0,0
neg_508,0.012,1,0
neg_509,1.766,0,0
neg_510,8.995,0,0
neg_511,0.794,0,0
neg_512,1.823,0,0
neg_513,1.416,0,0
neg_514,5.391,0,0
neg_515,7.949,0,0
neg_516,1.53,0,0
neg_517,14.785,0,0
neg_518,6.067,0,0
neg_519,3.912,0,0
neg_520,7.016,0,0
neg_521,0.831,0,1
neg_522,6.247,0,0
neg_523,1.089,0,0
neg_524,4.501,0,0
neg_525,3.593,0,0
neg_526,8.279,0,0
neg_527,5.525,0,0
neg_528,3.088,0,0
neg_529,0.578,0,0
neg_530,1.948,0,0
neg_531,15.09,0,0
neg_532,12.697,0,0
neg_533,4.674,0,0
neg_534,15.138,0,0
neg_535,0.349,1,1
neg_536,6.158,0,0
neg_537,2.371,0,0
neg_538,1.769,0,0
neg_539,0.997,0,0
neg_540,1.346,0,0
neg_541,0.179,1,0
neg_542,4.133,0,0
neg_543,5.952,0,0
neg_544,2.327,0,0
neg_545,8.649,0,0
neg_546,5.222,0,0
neg_547,1.436,0,0
neg_548,0.197,1,0
neg_549,1.945,0,0
neg_550,10.467,0,0
neg_551,2.572,0,0
neg_552,7.028,0,0
neg_553,3.325,0,0
neg_554,1.341,0,0
neg_555,11.603,0,0
neg_556,3.285,0,0
neg_557,7.22,0,0
neg_558,1.696,0,0
neg_559,2.586,0,0
neg_560,5.659,0,0
neg_561,0.966,0,0
neg_562,0.65,0,1
neg_563,16.178,0,0
neg_564,0.953,0,0
neg_565,8.21,0,0
neg_566,1.466,0,0
neg_567,7.769,0,0
neg_568,0.729,0,1
neg_569,7.093,0,0
neg_570,3.761,0,0
neg_571,4.875,0,0
neg_572,0.507,0,0
neg_573,5.656,0,0
neg_574,3.796,0,0
neg_575,18.623,0,0
neg_576,1.359,0,0
neg_577,4.007,0,0
neg_578,7.001,0,0
neg_579,14.225,0,0
neg_580,6.435,0,0
neg_581,0.839,0,0
neg_582,3.752,0,0
neg_583,11.954,0,0
neg_584,10.88,0,0
neg_585,2.018,0,0
neg_586,14.815,0,0
neg_587,1.014,0,0
neg_588,1.743,0,0
neg_589,2.45,0,0
neg_590,0.492,1,0
neg_591,1.121,0,0
neg_592,2.186,0,0
neg_593,0.391,1,0
neg_594,0.778,0,0
neg_595,2.386,0,0
neg_596,1.525,0,0
neg_597,1.271,0,0
neg_598,0.05,1,1
neg_599,1.703,0,0
neg_600,1.778,0,0
neg_601,3.76,0,0
neg_602,2.107,0,0
neg_603,0.626,0,0
neg_604,1.869,0,0
neg_605,4.58,0,0
neg_606,19.802,0,0
neg_607,14.141,0,0
neg_608,2.716,0,0
neg_609,17.359,0,0
neg_610,11.281,0,0
neg_611,2.187,0,0
neg_612,0.737,0,1
neg_613,1.079,0,0
neg_614,2.707,0,0
neg_615,11.052,0,0
neg_616,1.125,0,0
neg_617,14.962,0,0
neg_618,0.034,1,0
neg_619,4.996,0,0
neg_620,3.824,0,0
neg_621,2.76,0,0
neg_622,0.722,0,1
neg_623,4.109,0,0
neg_624,4.654,0,0
neg_625,0.852,0,0
neg_626,2.24,0,0
neg_627,1.794,0,0
neg_628,3.382,0,0
neg_629,4.244,0,0
neg_630,0.572,0,0
neg_631,3.499,0,0
neg_632,4.386,0,0
neg_633,1.184,0,0
neg_634,0.049,1,0
neg_635,1.952,0,0
neg_636,2.154,0,0
neg_637,12.394,0,0
neg_638,0.048,1,0
neg_639,8.028,0,0
neg_640,1.745,0,0
neg_641,1.267,0,0
neg_642,1.711,0,0
neg_643,1.519,0,0
neg_644,4.908,0,0
neg_645,2.737,0,0
neg_646,15.346,0,0
neg_647,0.752,0,1
neg_648,15.561,0,0
neg_649,2.429,0,0
neg_650,12.317,0,0
neg_651,1.581,0,0
neg_652,1.284,0,0
neg_653,0.285,1,1
neg_654,9.213,0,0
neg_655,1.242,0,0
neg_656,0.64,0,0
neg_657,7.43,0,0
neg_658,2.08,0,0
neg_659,0.915,0,0
neg_660,13.903,0,0
neg_661,1.631,0,0
neg_662,7.504,0,0
neg_663,0.913,0,0
neg_664,2.188,0,0
neg_665,2.834,0,0
neg_666,0.6,0,0
neg_667,1.5,0,0
neg_668,11.909,0,0
neg_669,9.082,0,0
neg_670,16.278,0,0
neg_671,0.624,0,0
neg_672,0.244,1,1
neg_673,3.578,0,0
neg_674,0.596,0,1
neg_675,5.237,0,0
neg_676,5.074,0,0
neg_677,11.698,0,0
neg_678,8.41,0,0
neg_679,1.578,0,0
neg_680,0.037,1,0
neg_681,1.395,0,0
neg_682,1.458,0,0
neg_683,0.482,1,0
neg_684,0.111,1,1
neg_685,3.471,0,0
neg_686,13.182,0,0
neg_687,0.591,0,1
neg_688,1.223,0,0
neg_689,4.474,0,0
neg_690,8.77,0,0
neg_691,6.795,0,0
neg_692,2.787,0,0
neg_693,17.454,0,0
neg_694,8.196,0,0
neg_695,9.484,0,0
neg_696,6.362,0,0
neg_697,1.572,0,0
neg_698,2.425,0,0
neg_699,3.997,0,0
neg_700,8.982,0,0
neg_701,0.823,0,0
neg_702,4.628,0,0
neg_703,1.353,0,0
neg_704,3.441,0,0
neg_705,0.164,1,0
neg_706,0.967,0,1
neg_707,0.514,0,0
neg_708,0.448,1,1
neg_709,7.399,0,0
neg_710,3.339,0,0
neg_711,1.624,0,0
neg_712,1.047,0,0
neg_713,4.779,0,0
neg_714,1.624,0,0
neg_715,0.742,0,1
neg_716,12.459,0,0
neg_717,0.464,1,1
neg_718,12.542,0,0
neg_719,9.275,0,0
neg_720,0.878,0,0
neg_721,0.737,0,1
neg_722,2.834,0,0
neg_723,7.623,0,0
neg_724,3.106,0,0
neg_725,3.986,0,0
neg_726,6.521,0,0
neg_727,5.066,0,0
neg_728,7.854,0,0
neg_729,5.618,0,0
neg_730,1.791,0,0
neg_731,12.861,0,0
neg_732,0.391,1,1
neg_733,6.448,0,0
neg_734,8.524,0,0
neg_735,3.227,0,0
neg_736,8.088,0,0
neg_737,8.863,0,0
neg_738,1.664,0,0
neg_739,1.16,0,0
neg_740,1.979,0,0
neg_741,7.684,0,0
neg_742,2.623,0,0
neg_743,2.689,0,0
neg_744,1.905,0,0
neg_745,7.873,0,0
neg_746,1.119,0,0
neg_747,10.24,0,0
neg_748,1.532,0,0
neg_749,3.139,0,0
neg_750,0.687,0,0
neg_751,2.641,0,0
neg_752,9.664,0,0
neg_753,4.783,0,0
neg_754,2.238,0,0
neg_755,1.5,0,0
neg_756,0.325,1,1
neg_757,0.662,0,0
neg_758,18.288,0,0
neg_759,1.567,0,0
neg_760,6.08,0,0
neg_761,6.164,0,0
neg_762,2.049,0,0
neg_763,12.482,0,0
neg_764,1.037,0,0
neg_765,1.233,0,0
neg_766,0.352,1,1
neg_767,8.209,0,0
neg_768,11.612,0,0
neg_769,0.678,0,1
neg_770,0.758,0,0
neg_771,1.846,0,0
neg_772,0.376,1,1
neg_773,4.013,0,0
neg_774,8.474,0,0
neg_775,4.773,0,0
neg_776,2.858,0,0
neg_777,4.119,0,0
neg_778,0.683,0,0
neg_779,0.262,1,0
neg_780,0.143,1,0
neg_781,4.212,0,0
neg_782,4.669,0,0
neg_783,0.776,0,0
neg_784,2.271,0,0
neg_785,15.961,0,0
neg_786,15.275,0,0
neg_787,1.045,0,0
neg_788,10.276,0,0
neg_789,8.686,0,0
neg_790,16.542,0,0
neg_791,11.602,0,0
neg_792,0.895,0,0
neg_793,9.017,0,0
neg_794,1.515,0,0
neg_795,2.645,0,0
neg_796,8.702,0,0
neg_797,7.157,0,0
neg_798,0.336,1,0
neg_799,0.148,1,0
neg_800,9.443,0,0
neg_801,0.961,0,1
neg_802,3.665,0,0
neg_803,8.696,0,0
neg_804,0.664,0,0
neg_805,3.664,0,0
neg_806,5.023,0,0
neg_807,8.467,0,0
neg_808,2.142,0,0
neg_809,1.722,0,0
neg_810,11.064,0,0
neg_811,11.591,0,0
neg_812,0.685,0,0
neg_813,1.582,0,0
neg_814,10.588,0,0
neg_815,1.378,0,0
neg_816,10.628,0,0
neg_817,0.811,0,0
neg_818,0.29,1,0
neg_819,1.216,0,0
neg_820,0.562,0,0
neg_821,1.325,0,0
neg_822,4.192,0,0
neg_823,1.247,0,0
neg_824,7.449,0,0
neg_825,1.551,0,0
neg_826,8.67,0,0
neg_827,5.436,0,0
neg_828,4.252,0,0
neg_829,6.873,0,0
neg_830,0.139,1,0
neg_831,2.896,0,0
neg_832,1.472,0,0
neg_833,10.234,0,0
neg_834,3.081,0,0
neg_835,3.209,0,0
neg_836,2.718,0,0
neg_837,3.05,0,0
neg_838,0.504,0,0
neg_839,10.953,0,0
neg_840,3.36,0,0
neg_841,6.907,0,0
neg_842,1.008,0,0
neg_843,2.641,0,0
neg_844,5.649,0,0
neg_845,10.106,0,0
neg_846,12.008,0,0
neg_847,0.005,1,0
neg_848,1.295,0,0
neg_849,4.215,0,0
neg_850,2.427,0,0
neg_851,10.857,0,0
neg_852,11.657,0,0
neg_853,7.78,0,0
neg_854,2.316,0,0
neg_855,2.467,0,0
neg_856,8.386,0,0
neg_857,4.197,0,0
neg_858,17.429,0,0
neg_859,10.166,0,0
neg_860,10.164,0,0
neg_861,4.518,0,0
neg_862,3.118,0,0
neg_863,10.903,0,0
neg_864,0.379,1,1
neg_865,1.553,0,0
neg_866,3.194,0,0
neg_867,5.761,0,0
neg_868,0.903,0,0
neg_869,6.183,0,0
neg_870,6.752,0,0
neg_871,6.759,0,0
neg_872,4.914,0,0
neg_873,0.462,1,0
neg_874,2.456,0,0
neg_875,7.484,0,0
neg_876,7.053,0,0
neg_877,7.474,0,0
neg_878,1.58,0,0
neg_879,1.71,0,0
neg_880,6.351,0,0
neg_881,6.997,0,0
neg_882,0.265,1,0
neg_883,5.323,0,0
neg_884,0.751,0,0
neg_885,0.899,0,0
neg_886,2.03,0,0
neg_887,0.811,0,1
neg_888,3.603,0,0
neg_889,8.05,0,0
neg_890,2.212,0,0
neg_891,4.552,0,0
neg_892,1.704,0,0
neg_893,11.291,0,0
neg_894,4.339,0,0
neg_895,0.359,1,0
neg_896,2.813,0,0
neg_897,5.078,0,0
neg_898,6.592,0,0
neg_899,9.556,0,0
neg_900,10.948,0,0
neg_901,0.236,1,0
neg_902,8.308,0,0
neg_903,2.009,0,0
neg_904,15.481,0,0
neg_905,1.173,0,0
neg_906,4.739,0,0
neg_907,11.595,0,0
neg_908,0.495,1,0
neg_909,6.148,0,0
neg_910,0.318,1,1
neg_911,2.249,0,0
neg_912,3.272,0,0
neg_913,0.032,1,0
neg_914,2.138,0,0
neg_915,2.944,0,0
neg_916,0.246,1,0
neg_917,0.045,1,0
neg_918,1.063,0,0
neg_919,10.103,0,0
neg_920,0.067,1,0
neg_921,0.834,0,1
neg_922,5.433,0,0
neg_923,0.374,1,1
neg_924,0.865,0,0
neg_925,11.339,0,0
neg_926,12.736,0,0
neg_927,0.426,1,0
neg_928,1.101,0,0
neg_929,0.965,0,0
neg_930,11.082,0,0
neg_931,3.358,0,0
neg_932,9.904,0,0
neg_933,4.989,0,0
neg_934,1.085,0,0
neg_935,7.496,0,0
neg_936,0.783,0,0
neg_937,0.413,1,0
neg_938,4.653,0,0
neg_939,2.252,0,0
neg_940,4.23,0,0
neg_941,2.496,0,0
neg_942,6.739,0,0
neg_943,0.531,0,1
neg_944,7.67,0,0
neg_945,0.878,0,0
neg_946,0.772,0,0
neg_947,0.256,1,0
neg_948,1.867,0,0
neg_949,1.966,0,0
neg_950,0.816,0,0
neg_951,9.576,0,0
neg_952,3.875,0,0
neg_953,2.22,0,0
neg_954,2.458,0,0
