id,built_frac_1km
1,0.010101428463361737
2,0.006667091991123658
3,0.004730973964571647
4,0.011722595571918494
5,0.014630935687263565
6,0.019160584549042348
7,0.0006118894520513405
8,0.010400605242916767
9,0.18799091826183442
10,0.007206642122251359
11,0.0073873816278923156
12,0.0029398749180410554
13,0.00038902729622391726
14,0.017493454114502562
15,0.018555416871540775
16,0.0018577927973368305
17,0.006832260301608917
18,0.0032224754098360655
19,0.007073253306769891
21,0.0
23,0.00382472577350783
24,0.01371445520336888
25,0.011301047681484657
26,0.01701260449106703
27,0.030445724517975815
28,0.0030092950536495552
29,0.014298698875384536
31,0.007763651724355341
32,0.006502857322993508
33,0.0009313579624259235
34,0.003455452711223203
35,0.00018102437363662731
36,0.01818056182466934
37,0.01773973169255598
38,0.005149166025794578
39,0.0010865049547391504
40,0.008246269258895024
41,0.0031538624472041863
42,0.031651971303569386
43,0.0006625975565165863
44,0.02928254214421709
45,0.017857178161644192
46,0.009499140126585471
47,0.00390974456603964
48,0.020441579139820202
49,0.004430845752326197
50,0.02222832536850467
51,0.0035581927528557395
52,0.011303990417953727
53,0.024459599041734965
54,0.007006837326607818
55,0.02939855503719582
56,0.0023793681821047998
57,0.0
58,0.015620669482443412
59,0.00018099926876623208
60,0.00037056924919624264
61,0.005416955392490605
63,0.012443303323750435
64,0.0
65,0.0
66,0.0024916473347117852
67,0.02427801624129931
68,0.01396339636913766
69,0.030802332854152473
71,0.008709166782233761
72,0.008637600544643078
73,0.1769709092972238
74,0.015923925212436015
75,0.03721736685495259
76,0.0002587902320949055
77,0.005038070681981517
78,0.013829865103378717
79,0.0
80,0.0026831074009154993
81,0.013105048416380874
82,0.13337720550225057
83,0.0015375528011398734
85,0.00912052859880964
86,0.0011954368932038835
87,0.0005162386049854373
88,0.017114036260023197
89,0.004099059387214728
90,0.005978107665153808
91,0.01280696363728061
92,0.00043110491873557874
93,0.006072445531571516
94,0.0031556669440871593
95,0.08649660093802011
96,0.003741331567996974
97,0.009353202461103964
98,0.012903279660055228
99,0.004746936228156442
100,0.0027148884125583156
101,0.021399131257092408
102,0.0070887356089933545
103,0.017386885803986837
104,0.03439441845804703
105,0.022320440505307747
106,0.006908380409563196
107,0.03868593818956713
108,0.05626129589469438
109,0.0050349255387564145
110,0.012140887711997976
111,0.02454359119853729
112,0.0006866603630862331
113,0.02742007615397224
114,0.007551485123550176
115,0.0008611254003076381
117,0.006669035340990758
118,0.0010448995801656642
119,0.02402111740155594
120,0.004142812109902028
121,0.012495956373723367
122,0.014453257429612537
123,0.015073203141744105
124,0.004760808493468503
125,0.006823256547011132
126,0.010201417134211693
127,0.012184097585576497
128,0.0065911006051437215
129,0.010852084883178452
130,0.031538118175169605
131,0.003944889931159696
132,0.004794737041193308
133,0.0153512476515906
134,0.026560971089228735
135,0.0012043677262353577
136,0.0035681642225780805
137,0.011148387340814523
138,0.009838174252931531
139,0.013335591895401762
140,0.024770756156300044
141,0.0072284030010718115
142,0.012573356955512961
143,0.01719099117276167
144,0.005203372755699011
145,0.004803334972450225
146,0.0007399079503183913
147,0.010013885841812606
148,0.005858077490449233
149,0.010681988274601277
150,0.1891417769876692
151,0.01033760859423268
152,0.00852114938470849
153,4.317903842031598e-05
154,0.014861469497894237
155,0.016347635859286343
156,0.0
157,0.0011196439378656443
158,0.01427405847717272
159,0.028245329718824853
160,0.05102423688424342
161,0.005114796137068507
162,0.013250461445357808
163,0.007217573258687647
164,0.0
165,0.004861981261742934
166,0.08881783989610519
167,0.011522739881477744
168,0.0017821353372082754
169,0.0038795272016642493
170,0.020790673072073433
171,0.001250113484477845
172,0.0015855748742324722
173,0.004233718305952366
174,0.02847430721904234
175,0.01369965204674676
176,0.0016559986383922944
177,0.013737745054778804
179,0.01259321204785859
180,0.02776615056800271
181,0.0008468751969943392
182,0.0016760815019354193
183,0.0019013024346576232
184,0.021073613475043173
185,0.011754346126689536
186,0.0018257457323684416
187,0.005689703342284755
188,0.01620120030764187
189,0.026198952186412487
190,0.015748499596530154
191,0.008918558026932973
192,0.008090911268564514
193,0.01138035254955363
194,0.008397701598668615
195,0.0015367227293358215
197,0.005685007375282091
198,0.006321126831605758
199,6.30145621887411e-05
200,0.22168677156617997
neg_0,0.025597625742349542
neg_1,0.09927883533832692
neg_2,0.0
neg_3,0.0
neg_4,2.6484421299506995e-05
neg_5,0.0
neg_6,0.03606965031084882
neg_7,0.00018757612053205573
neg_8,1.2027231467473522e-06
neg_9,0.0
neg_10,0.0
neg_11,0.0
neg_12,0.0
neg_13,0.0019378191952182189
neg_14,0.0
neg_15,0.0
neg_16,0.004036102530480502
neg_17,0.0
neg_18,0.015250423007577578
neg_19,0.0
neg_20,0.0
neg_21,0.00036372531712606875
neg_22,0.0
neg_23,0.005882172575520702
neg_24,0.01783586487781504
neg_25,8.69944018559613e-05
neg_26,0.007829044785152313
neg_27,0.0013475518567555643
neg_28,0.0008245460735360874
neg_29,0.0
neg_30,0.0007315306341180474
neg_31,0.0
neg_32,0.0
neg_33,0.0
neg_34,0.0
neg_35,0.0
neg_36,0.002390756991199536
neg_37,0.004048759361525079
neg_38,0.00015145840426739307
neg_39,0.00023555154892640546
neg_40,0.0
neg_41,0.001996444466859153
neg_42,0.005473716130171096
neg_43,0.0
neg_44,0.01601964995019104
neg_45,0.0
neg_46,0.0
neg_47,0.001217713730978227
neg_48,0.0
neg_49,0.004910077665985828
neg_50,0.011233162255204852
neg_51,0.0
neg_52,0.0033986169072684857
neg_53,6.848701880035814e-05
neg_54,0.00020766515380736262
neg_55,0.0
neg_56,0.0005388077766850743
neg_57,0.0011282750967807017
neg_58,0.0
neg_59,0.0
neg_60,0.0
neg_61,0.0001329983481912063
neg_62,0.01015325272951915
neg_63,0.0
neg_64,0.002840157083244034
neg_65,0.019095302707405958
neg_66,0.0
neg_67,0.00023206571763608169
neg_68,0.003748013616592072
neg_69,0.0
neg_70,0.03775587148675401
neg_71,0.0017677064682889924
neg_72,0.0
neg_73,0.0024708332282551136
neg_74,0.0
neg_75,0.0
neg_76,0.0
neg_77,0.0005610741978188233
neg_78,0.0
neg_79,0.0
neg_80,0.0008265444550910284
neg_81,0.0
neg_82,0.029997737990165155
neg_83,0.0
neg_84,0.028406828241050158
neg_85,0.0
neg_86,0.002448499483015157
neg_87,0.030274523698445324
neg_88,0.0
neg_89,0.0
neg_90,0.0
neg_91,0.012516241126703735
neg_92,0.0
neg_93,0.0
neg_94,0.0
neg_95,0.005411950066200113
neg_96,6.68019971757111e-05
neg_97,0.0015570365887485182
neg_98,0.008132355796507593
neg_99,0.01298208926995334
neg_100,0.0013584766491829736
neg_101,0.009052783136023807
neg_102,0.0
neg_103,0.010234666784336465
neg_104,0.0
neg_105,0.0049025281819786645
neg_106,0.02397202370445088
neg_107,0.0
neg_108,0.0
neg_109,0.004483972160580996
neg_110,0.0005760571904077465
neg_111,0.0003924494994073587
neg_112,0.04362629866854951
neg_113,0.0001492074301063065
neg_114,0.0
neg_115,0.0
neg_116,0.0
neg_117,0.005054830086375387
neg_118,2.3328247355081142e-07
neg_119,5.2080496292933876e-05
neg_120,1.9936948297604037e-05
neg_121,0.0003626235626386927
neg_122,0.011204309507899081
neg_123,0.0
neg_124,0.0
neg_125,0.0241409276582869
neg_126,0.0021287841722990005
neg_127,0.3815082368812569
neg_128,0.0
neg_129,0.0002054351526154545
neg_130,0.0
neg_131,0.0
neg_132,0.0
neg_133,0.0005275362501576093
neg_134,0.0
neg_135,5.0496135564157165e-06
neg_136,6.94555816123257e-05
neg_137,0.0
neg_138,0.0015722033086195593
neg_139,0.0
neg_140,0.016232696623546906
neg_141,0.020999918038988236
neg_142,0.004989172424227142
neg_143,0.055598496003630773
neg_144,0.012952797004425282
neg_145,0.010265501285995259
neg_146,0.0012945635180795813
neg_147,0.3189721373275841
neg_148,0.0
neg_149,4.587179099208148e-05
neg_150,0.0
neg_151,0.0006307487676034144
neg_152,0.0
neg_153,0.0
neg_154,0.0
neg_155,0.0
neg_156,9.645329265063735e-07
neg_157,0.0011906208235620446
neg_158,0.0
neg_159,0.0
neg_160,0.0
neg_161,0.0
neg_162,0.0
neg_163,3.9316109997352204e-05
neg_164,0.05207192469199631
neg_165,0.0
neg_166,9.516724874862886e-05
neg_167,0.08255662501733635
neg_168,0.0
neg_169,0.0
neg_170,2.2693747872461144e-07
neg_171,0.0
neg_172,0.0
neg_173,0.053385303018839377
neg_174,0.07811507728384477
neg_175,0.0013019695861599373
neg_176,0.0
neg_177,0.0
neg_178,0.0
neg_179,0.24273435001891308
neg_180,0.0047977710258576105
neg_181,0.0003735583348042058
neg_182,0.0
neg_183,0.0
neg_184,0.08186425005043375
neg_185,0.0
neg_186,0.009914770778696794
neg_187,0.0
neg_188,0.0
neg_189,0.0012111705145825716
neg_190,0.0
neg_191,0.005888434868122443
neg_192,0.0007089702043955767
neg_193,0.0
neg_194,0.0
neg_195,4.982097831568331e-05
neg_196,0.02741878609072799
neg_197,0.0
neg_198,0.0
neg_199,0.0
neg_200,0.0
neg_201,0.0
neg_202,0.0
neg_203,0.029582752099251076
neg_204,0.165937513397642
neg_205,3.638701868522581e-06
neg_206,0.0006659207241735802
neg_207,0.01276616358386605
neg_208,0.0010302163443354595
neg_209,0.0
neg_210,0.0
neg_211,0.002421767635377924
neg_212,0.0
neg_213,0.0
neg_214,0.0
neg_215,0.0
neg_216,0.0012982260606442665
neg_217,0.0
neg_218,0.0
neg_219,0.0
neg_220,0.0
neg_221,0.0008016137369356651
neg_222,0.004520854401250838
neg_223,0.0030082238418278557
neg_224,0.0
neg_225,0.0014123817929643174
neg_226,0.038390606954636024
neg_227,0.35321088233810755
neg_228,0.0
neg_229,0.0
neg_230,0.0
neg_231,0.0
neg_232,0.004560502294618992
neg_233,0.0
neg_234,0.0
neg_235,0.0
neg_236,0.0014941809882863233
neg_237,0.00018758747651531383
neg_238,0.0
neg_239,0.0
neg_240,0.000161547480962227
neg_241,0.03067345042364331
neg_242,0.0
neg_243,0.0
neg_244,0.0
neg_245,0.052717867275272036
neg_246,0.0
neg_247,0.0
neg_248,0.004452732912206376
neg_249,0.0
neg_250,0.1429804189102282
neg_251,4.0850291247446864e-07
neg_252,0.0
neg_253,0.0
neg_254,0.0
neg_255,0.0
neg_256,0.0061655138065817685
neg_257,0.0007790986242292027
neg_258,0.0
neg_259,0.0
neg_260,0.0
neg_261,0.0023446900255947958
neg_262,0.011921194925726963
neg_263,0.0
neg_264,0.011970545069410294
neg_265,0.008474513042272343
neg_266,0.0
neg_267,0.001134714464044788
neg_268,6.920749006998297e-05
neg_269,0.0
neg_270,0.0
neg_271,0.0
neg_272,0.0
neg_273,0.0001601235735451737
neg_274,0.002018150870601288
neg_275,0.0
neg_276,0.02551810513308705
neg_277,0.0
neg_278,0.004379571329508921
neg_279,0.0
neg_280,0.0
neg_281,3.1645170644376375e-05
neg_282,0.06529011248140021
neg_283,0.0
neg_284,0.0
neg_285,0.0
neg_286,0.12965732442314973
neg_287,0.0
neg_288,0.0
neg_289,0.0
neg_290,0.0
neg_291,0.0
neg_292,0.0
neg_293,5.208280800847245e-05
neg_294,0.0
neg_295,4.6755260802138365e-05
neg_296,0.00018036765725669172
neg_297,0.0
neg_298,0.0
neg_299,0.0
neg_300,0.0
neg_301,0.0
neg_302,0.00011896356071113355
neg_303,0.0005721742419466684
neg_304,0.0
neg_305,0.0
neg_306,0.00035037952338923224
neg_307,0.0
neg_308,0.0
neg_309,0.0
neg_310,0.0
neg_311,0.003584789680738388
neg_312,0.0
neg_313,0.0
neg_314,0.002086431489232942
neg_315,2.6041404004236214e-05
neg_316,0.00190611352060114
neg_317,0.0
neg_318,0.005676000554813001
neg_319,0.0018900055475704165
neg_320,4.562005143981038e-05
neg_321,0.0017993380739844166
neg_322,0.27980227307110433
neg_323,0.007784949191860611
neg_324,0.0
neg_325,0.0004086436254050712
neg_326,0.0006913632237240267
neg_327,0.0
neg_328,0.00039090519360980444
neg_329,0.00024948245647213096
neg_330,0.0003786831919105318
neg_331,0.017522903034658407
neg_332,0.0
neg_333,0.017108503126891265
neg_334,0.00019098474341192794
neg_335,0.0
neg_336,0.0
neg_337,0.0
neg_338,0.0
neg_339,0.0012854233654876741
neg_340,7.588233068959862e-05
neg_341,0.0
neg_342,0.0
neg_343,0.03186029022416097
neg_344,0.0
neg_345,0.0005977279604599554
neg_346,0.0
neg_347,0.030773128908614087
neg_348,0.004028478674718541
neg_349,0.0
neg_350,0.013190539228664727
neg_351,0.0
neg_352,0.0
neg_353,0.0
neg_354,0.002847196550376357
neg_355,7.780369413099666e-05
neg_356,0.0
neg_357,0.0
neg_358,0.014933713687714349
neg_359,0.014735331643909881
neg_360,0.022118768753624646
neg_361,0.0
neg_362,0.00013310386564793102
neg_363,0.02362944002420972
neg_364,0.0
neg_365,0.18021836281791026
neg_366,0.1277717125999142
neg_367,0.0
neg_368,0.0
neg_369,0.0
neg_370,0.01984252373567349
neg_371,0.0
neg_372,0.1296719399334274
neg_373,0.0
neg_374,0.07110467130645289
neg_375,0.0
neg_376,0.0
neg_377,0.0005867909779744571
neg_378,0.004338753151790215
neg_379,0.0
neg_380,0.0033984530038454258
neg_381,0.0
neg_382,3.6561688393555045e-08
neg_383,0.001156964179894847
neg_384,0.000290248146466939
neg_385,0.0
neg_386,0.0
neg_387,0.0003484776661329566
neg_388,0.006571324113412585
neg_389,0.000256276319439191
neg_390,0.0
neg_391,0.0
neg_392,0.04922652428261639
neg_393,0.0
neg_394,0.015836838389187282
neg_395,0.008146904629816418
neg_396,0.0
neg_397,0.0
neg_398,0.00011027561338477438
neg_399,0.0
neg_400,1.8007339125610012e-05
neg_401,0.0
neg_402,0.0
neg_403,1.511254019292604e-05
neg_404,0.0001467656923814087
neg_405,0.0
neg_406,0.0010258100713619288
neg_407,0.18015081774964373
neg_408,0.0
neg_409,0.0
neg_410,0.0
neg_411,0.0
neg_412,0.0
neg_413,2.6778960108931348e-06
neg_414,0.001031133693075798
neg_415,0.015418627315019095
neg_416,0.00016405966310268304
neg_417,0.005038451064688157
neg_418,0.005006016317574808
neg_419,0.0
neg_420,0.026092648671818854
neg_421,0.0
neg_422,0.0505816580728937
neg_423,0.0
neg_424,0.0
neg_425,0.018097590650058004
neg_426,0.0
neg_427,0.015123515616134358
neg_428,0.0
neg_429,0.0485812345523329
neg_430,0.0011866650697193572
neg_431,0.005487911187321121
neg_432,0.013905702146972428
neg_433,0.0
neg_434,0.005947163411220258
neg_435,0.0
neg_436,0.011713597105067393
neg_437,0.08544094342239647
neg_438,0.0
neg_439,0.004858249060600713
neg_440,0.0
neg_441,0.0
neg_442,0.0
neg_443,0.0
neg_444,0.2429643891060395
neg_445,0.0
neg_446,0.0
neg_447,0.0
neg_448,0.0
neg_449,0.0022778503435667906
neg_450,0.0
neg_451,0.0006490353089533418
neg_452,0.0
neg_453,0.0010994262584485017
neg_454,0.0
neg_455,0.0053974795425603015
neg_456,0.0
neg_457,0.006827739600801927
neg_458,0.0
neg_459,0.0001086652293959681
neg_460,0.0
neg_461,3.728296367281577e-05
neg_462,0.0
neg_463,0.0007413607878245302
neg_464,0.0030429045151366134
neg_465,0.09753617772398315
neg_466,0.0
neg_467,6.108708534540366e-05
neg_468,0.02481992862817296
neg_469,0.0
neg_470,0.0
neg_471,0.0
neg_472,5.272580563820667e-05
neg_473,0.0
neg_474,0.0
neg_475,0.0
neg_476,0.0
neg_477,0.03002468225147525
neg_478,0.01776724498802168
neg_479,0.0008998033158923277
neg_480,0.0
neg_481,0.0657898208499855
neg_482,0.014706189089350325
neg_483,0.00017779332778576287
neg_484,6.435830832471691e-06
neg_485,0.0005112341273344011
neg_486,0.00092692642330244
neg_487,0.0
neg_488,2.5719256663052516e-06
neg_489,0.0
neg_490,0.0
neg_491,0.0
neg_492,0.011205138195390126
neg_493,0.0
neg_494,6.430057366198073e-05
neg_495,0.0
neg_496,0.0
neg_497,8.484523734476455e-05
neg_498,0.0
neg_499,0.0006828548734823557
neg_500,0.00010193054574800764
neg_501,0.11190863836386791
neg_502,0.0
neg_503,0.02345829204019619
neg_504,0.0
neg_505,0.0
neg_506,0.0
neg_507,0.0
neg_508,0.0004140668734397457
neg_509,0.0
neg_510,0.0009163871586008625
neg_511,0.00426150470930892
neg_512,0.0002472868021584548
neg_513,0.0007685633234571018
neg_514,0.0
neg_515,0.0
neg_516,0.0036344138078848163
neg_517,0.0
neg_518,0.00047477018523889384
neg_519,0.0004177959049876444
neg_520,0.0
neg_521,0.0017595173552885398
neg_522,0.0
neg_523,0.009283433571635708
neg_524,0.0
neg_525,0.005292732774380635
neg_526,0.0
neg_527,0.0
neg_528,2.489849955869373e-05
neg_529,0.0008425788637567138
neg_530,0.13195500655605427
neg_531,0.0
neg_532,0.0
neg_533,0.0
neg_534,0.0
neg_535,0.002027728464797257
neg_536,0.0
neg_537,0.00016000201755270863
neg_538,0.005754079509777963
neg_539,5.883799220789045e-05
neg_540,0.0007711956521739129
neg_541,0.0
neg_542,0.0
neg_543,0.0
neg_544,0.0
neg_545,0.0
neg_546,0.0
neg_547,3.729856505182458e-05
neg_548,0.0
neg_549,0.005801196706220604
neg_550,0.0
neg_551,0.0006843887495114786
neg_552,0.0
neg_553,0.039517316252033224
neg_554,4.322933743600092e-05
neg_555,0.0
neg_556,0.0
neg_557,0.23568986985800383
neg_558,0.009135172318129657
neg_559,0.0
neg_560,0.0022724524400852247
neg_561,0.0
neg_562,0.0
neg_563,0.0
neg_564,0.011121670995234373
neg_565,0.0
neg_566,0.0
neg_567,0.0
neg_568,0.011316357331988405
neg_569,0.0
neg_570,0.08218416731821737
neg_571,0.0
neg_572,0.015954554510377535
neg_573,0.0
neg_574,0.06101100141221566
neg_575,0.0
neg_576,0.0
neg_577,0.0018477650707990265
neg_578,0.0
neg_579,0.0
neg_580,0.02191403838394028
neg_581,0.0
neg_582,0.0
neg_583,0.0
neg_584,0.39104355725344814
neg_585,0.0
neg_586,0.0
neg_587,0.013880225183765589
neg_588,0.013218360965769399
neg_589,0.0
neg_590,0.0
neg_591,5.209331651954604e-05
neg_592,0.0007473461257217782
neg_593,0.010389532684353876
neg_594,0.005667105860399438
neg_595,0.0013406727944421325
neg_596,0.01959415673664965
neg_597,0.0038529049095998177
neg_598,2.475696939894844e-05
neg_599,0.001949028581514682
neg_600,0.0
neg_601,0.0
neg_602,0.0011530939533007216
neg_603,0.0005172117712326004
neg_604,0.030667169335518857
neg_605,0.0
neg_606,0.0
neg_607,0.0
neg_608,0.012814142343818955
neg_609,0.0
neg_610,0.0
neg_611,0.01667930982310593
neg_612,0.0
neg_613,0.0006587164292018663
neg_614,0.0
neg_615,0.0
neg_616,0.0021113840101874845
neg_617,0.0
neg_618,0.0
neg_619,0.0
neg_620,0.17334187451138636
neg_621,0.0003755513245659383
neg_622,0.05306472205060961
neg_623,0.0
neg_624,0.01485351109430157
neg_625,0.013324511719981343
neg_626,0.0017731299808332497
neg_627,0.02622554664447301
neg_628,0.0
neg_629,0.0
neg_630,0.00935751478245521
neg_631,0.0
neg_632,0.1254268199185403
neg_633,0.0
neg_634,0.006531139045793829
neg_635,0.0
neg_636,6.397907079367082e-05
neg_637,0.0
neg_638,0.000381038961038961
neg_639,0.0
neg_640,4.319049960288947e-06
neg_641,0.0
neg_642,0.0
neg_643,0.004202846876378996
neg_644,0.0006034552768635165
neg_645,0.0
neg_646,0.0
neg_647,0.01483521348768001
neg_648,0.0
neg_649,0.0
neg_650,0.0
neg_651,0.01941527889852733
neg_652,0.0
neg_653,0.0
neg_654,0.0
neg_655,0.004105402577098622
neg_656,0.0017005673651562143
neg_657,0.0
neg_658,0.0008529439205204499
neg_659,0.0
neg_660,0.0
neg_661,4.8548769416986094e-05
neg_662,0.31011324196883355
neg_663,0.00558763852292641
neg_664,0.0
neg_665,0.0
neg_666,0.0006773633910784984
neg_667,0.0018092317778926528
neg_668,0.0
neg_669,0.0
neg_670,0.0
neg_671,0.0712123373512205
neg_672,0.006264446909906955
neg_673,0.0
neg_674,0.0006940577206763081
neg_675,0.003686216461569499
neg_676,1.2092595160944601e-05
neg_677,0.0
neg_678,0.0
neg_679,0.11928640186621267
neg_680,0.017706180419844928
neg_681,0.001784776962453034
neg_682,0.0019689738222536074
neg_683,0.0006563524486810915
neg_684,0.0012072033791451268
neg_685,0.0014067935090970993
neg_686,1.8647636579123212e-05
neg_687,0.004190375208028644
neg_688,0.02270821176856253
neg_689,0.0
neg_690,0.0
neg_691,0.0
neg_692,0.003190465142669811
neg_693,0.0
neg_694,0.0
neg_695,0.0
neg_696,0.001640937633974731
neg_697,0.0
neg_698,0.0
neg_699,0.0
neg_700,0.1862708736272742
neg_701,0.0032483588676628216
neg_702,0.12663302693297013
neg_703,0.0
neg_704,0.025746233563206794
neg_705,0.004361043169095769
neg_706,0.0013410021055816823
neg_707,0.0006396408892027182
neg_708,0.0013612151241221935
neg_709,0.0
neg_710,0.0
neg_711,0.003674797332223862
neg_712,7.01356496306195e-05
neg_713,0.0
neg_714,0.001206184358175835
neg_715,0.0021457781196020827
neg_716,0.0
neg_717,0.0
neg_718,0.0
neg_719,0.0
neg_720,0.0
neg_721,0.00012575564606635313
neg_722,0.00026429535109508373
neg_723,9.64727543286631e-07
neg_724,0.0053555003593358
neg_725,0.0
neg_726,0.0008053013779800555
neg_727,8.649299557416122e-05
neg_728,0.0
neg_729,0.0
neg_730,0.0013456126193148144
neg_731,0.0
neg_732,0.00045028051993897903
neg_733,0.0
neg_734,0.0
neg_735,0.041763133408142424
neg_736,0.0
neg_737,6.527166580503612e-05
neg_738,0.0005215577997150676
neg_739,9.065805898447843e-06
neg_740,0.005229345907509205
neg_741,0.20529848811550347
neg_742,0.015092185293524303
neg_743,0.0
neg_744,0.0009738321881106977
neg_745,2.3633314841898235e-05
neg_746,0.004002440869433658
neg_747,0.1727658530127469
neg_748,8.915535045580055e-06
neg_749,0.0
neg_750,0.0
neg_751,0.005881471815625907
neg_752,0.0
neg_753,0.0
neg_754,0.014115840373219017
neg_755,0.014469374889678989
neg_756,4.115236714366765e-05
neg_757,0.012839042227237763
neg_758,0.0
neg_759,0.019652491489093437
neg_760,0.0
neg_761,9.967971350751536e-06
neg_762,0.009104179431899843
neg_763,1.9593504135565874e-05
neg_764,0.00018711466935636385
neg_765,0.002779983862020275
neg_766,0.0
neg_767,0.0
neg_768,0.026359559500245835
neg_769,0.0
neg_770,0.009973510685242392
neg_771,0.0
neg_772,0.002439865605970825
neg_773,0.0
neg_774,0.00011799899129996216
neg_775,5.9404155529779637e-05
neg_776,0.00275846960775661
neg_777,2.1005913429410794e-06
neg_778,3.740638947023376e-06
neg_779,0.00023052627597337097
neg_780,0.0
neg_781,0.09867647867256747
neg_782,0.0
neg_783,0.001864851235501765
neg_784,0.01138467434882372
neg_785,0.0
neg_786,0.0
neg_787,0.014559625058308864
neg_788,0.0
neg_789,0.0
neg_790,0.0
neg_791,0.0
neg_792,0.00017818867258422434
neg_793,0.0
neg_794,0.00044734512716405856
neg_795,0.0
neg_796,0.0
neg_797,0.0
neg_798,0.00411275026476373
neg_799,0.0
neg_800,0.0
neg_801,0.0
neg_802,0.0
neg_803,0.0
neg_804,5.208543473875326e-05
neg_805,0.0
neg_806,0.01847590549791355
neg_807,0.0
neg_808,0.00038065158736162605
neg_809,0.0
neg_810,0.0
neg_811,0.0
neg_812,0.0
neg_813,0.003669495713565304
neg_814,0.0
neg_815,0.03015885638633211
neg_816,0.0
neg_817,0.052610134274727355
neg_818,0.0009727396517594844
neg_819,0.016818523841944672
neg_820,0.0140941729821066
neg_821,0.0
neg_822,0.0
neg_823,0.007820472311882189
neg_824,0.0
neg_825,0.0
neg_826,0.0
neg_827,0.0
neg_828,0.0
neg_829,0.0
neg_830,0.01848727130590475
neg_831,0.1250066191767005
neg_832,0.0038587010792818246
neg_833,0.0
neg_834,0.0
neg_835,0.0
neg_836,0.009641837712441377
neg_837,0.0
neg_838,0.014540875507476613
neg_839,0.0
neg_840,0.0
neg_841,0.0
neg_842,0.02075298879124481
neg_843,0.013642289360199731
neg_844,0.0
neg_845,0.0
neg_846,0.0
neg_847,0.0
neg_848,0.0016421172079887033
neg_849,0.0
neg_850,0.0
neg_851,0.0
neg_852,0.0
neg_853,0.0
neg_854,0.035196107973170604
neg_855,0.0
neg_856,0.006617029191097662
neg_857,5.401248187606381e-05
neg_858,0.0
neg_859,0.0
neg_860,0.0
neg_861,0.0
neg_862,0.0003669163167782526
neg_863,0.0
neg_864,0.011221501878609073
neg_865,0.0
neg_866,0.0
neg_867,0.0
neg_868,0.005504045892958454
neg_869,0.0
neg_870,0.19599460140953398
neg_871,0.0
neg_872,1.897034347102435e-05
neg_873,0.0
neg_874,0.0
neg_875,0.0
neg_876,0.006743339007628772
neg_877,0.0
neg_878,0.0008212777224414661
neg_879,0.0
neg_880,0.0
neg_881,0.0
neg_882,0.0006976802531549815
neg_883,0.0
neg_884,0.00023974607897523831
neg_885,0.005681279235434293
neg_886,0.013853308369266458
neg_887,0.0
neg_888,0.0
neg_889,0.0
neg_890,0.003588283869991679
neg_891,0.0
neg_892,0.0025057037672096432
neg_893,0.0
neg_894,0.0
neg_895,0.00197434594580964
neg_896,0.0016647314729581475
neg_897,0.0
neg_898,0.0
neg_899,0.0
neg_900,0.0
neg_901,0.02807777735744371
neg_902,8.35991778783714e-06
neg_903,0.0
neg_904,0.0
neg_905,0.06447616273938754
neg_906,7.812716704701628e-05
neg_907,0.0
neg_908,0.03206177712780041
neg_909,0.0
neg_910,0.0
neg_911,0.05283142061000365
neg_912,0.015800472774492876
neg_913,0.004446452890144255
neg_914,0.0
neg_915,0.11032237533883876
neg_916,0.0025826108883677534
neg_917,7.588711507906485e-05
neg_918,0.035046178966347694
neg_919,0.0
neg_920,0.0
neg_921,0.0
neg_922,0.0
neg_923,0.00033847724951775786
neg_924,0.0005687185565320454
neg_925,0.0
neg_926,0.0
neg_927,0.0049243456223522315
neg_928,0.0037360555282369427
neg_929,0.00010224049020967562
neg_930,0.0
neg_931,6.431192544860719e-06
neg_932,0.0
neg_933,0.0
neg_934,0.0005886717518754331
neg_935,0.0
neg_936,0.000958265025599637
neg_937,0.0013185441569576843
neg_938,0.0001954727114562715
neg_939,0.0
neg_940,0.0
neg_941,0.0002086905542387412
neg_942,0.0
neg_943,0.0022674244143530775
neg_944,2.877928234611797e-05
neg_945,0.0
neg_946,0.00301451214283913
neg_947,0.0001616362192216044
neg_948,0.008713040298582742
neg_949,0.11922993897210868
neg_950,0.0025981628587279978
neg_951,0.0
neg_952,0.003791002622553964
neg_953,0.0011138242340184084
neg_954,0.02830409668633681
