id,geosens_in,dislope_in,histls_in
1,1,0,1
2,0,0,0
3,0,0,0
4,0,0,0
5,1,0,1
6,1,1,1
7,0,0,0
8,1,0,1
9,0,0,0
10,0,0,0
11,1,0,1
12,0,0,0
13,1,0,1
14,1,0,0
15,0,0,0
16,1,1,1
17,0,0,0
18,0,0,0
19,0,0,0
21,1,0,1
23,0,0,0
24,0,0,0
25,0,0,0
26,0,0,0
27,0,0,0
28,1,0,1
29,0,0,0
31,0,0,0
32,0,0,0
33,0,0,0
34,0,0,0
35,0,0,0
36,1,0,1
37,0,0,0
38,0,0,0
39,1,0,1
40,0,0,0
41,1,0,1
42,0,0,0
43,1,0,1
44,0,0,0
45,0,0,0
46,0,0,0
47,0,0,0
48,0,0,0
49,0,0,0
50,1,0,1
51,0,0,0
52,0,0,0
53,0,0,0
54,0,0,0
55,0,0,0
56,1,0,1
57,1,0,1
58,0,0,0
59,1,1,1
60,0,0,0
61,0,0,0
63,0,0,0
64,1,0,1
65,1,0,1
66,0,0,0
67,0,0,0
68,0,0,0
69,0,0,0
71,1,1,0
72,1,1,0
73,0,0,0
74,0,0,0
75,0,0,0
76,0,0,0
77,1,0,1
78,0,0,0
79,1,0,1
80,0,0,0
81,1,0,1
82,1,0,1
83,0,0,0
85,1,0,1
86,1,0,1
87,1,1,1
88,0,0,0
89,0,0,0
90,0,0,0
91,1,0,1
92,0,0,0
93,1,0,1
94,0,0,0
95,0,0,0
96,1,0,0
97,0,0,0
98,0,0,0
99,0,0,0
100,0,0,0
101,1,0,0
102,0,0,0
103,0,0,0
104,1,0,0
105,1,0,1
106,0,0,0
107,0,0,0
108,0,0,0
109,1,0,1
110,0,0,0
111,0,0,0
112,1,0,1
113,1,0,0
114,1,0,1
115,0,0,0
117,0,0,0
118,1,0,0
119,0,0,0
120,0,0,0
121,0,0,0
122,0,0,0
123,0,0,0
124,0,0,0
125,0,0,0
126,1,0,1
127,0,0,0
128,1,0,1
129,0,0,0
130,0,0,0
131,0,0,0
132,0,0,0
133,1,0,0
134,0,0,0
135,1,0,1
136,0,0,0
137,0,0,0
138,0,0,0
139,0,0,0
140,0,0,0
141,0,0,0
142,0,0,0
143,0,0,0
144,0,0,0
145,0,0,0
146,1,0,1
147,0,0,0
148,0,0,0
149,0,0,0
150,0,0,0
151,0,0,0
152,1,1,0
153,1,0,1
154,0,0,0
155,0,0,0
156,0,0,0
157,1,1,1
158,0,0,0
159,0,0,0
160,0,0,0
161,1,0,1
162,0,0,0
163,0,0,0
164,0,0,0
165,1,0,0
166,0,0,0
167,0,0,0
168,0,0,0
169,0,0,0
170,1,0,1
171,1,0,1
172,1,0,0
173,0,0,0
174,0,0,0
175,0,0,0
176,0,0,0
177,0,0,0
179,1,0,1
180,0,0,0
181,1,0,1
182,1,0,1
183,0,0,0
184,0,0,0
185,0,0,0
186,0,0,0
187,0,0,0
188,0,0,0
189,0,0,0
190,0,0,0
191,0,0,0
192,0,0,0
193,0,0,0
194,0,0,0
195,1,0,1
197,0,0,0
198,0,0,0
199,0,0,0
200,0,0,0
neg_0,0,0,0
neg_1,0,0,0
neg_2,0,0,0
neg_3,0,0,0
neg_4,0,0,0
neg_5,0,0,0
neg_6,0,0,0
neg_7,0,0,0
neg_8,0,0,0
neg_9,0,0,0
neg_10,0,0,0
neg_11,0,0,0
neg_12,1,0,1
neg_13,0,0,0
neg_14,0,0,0
neg_15,0,0,0
neg_16,1,0,0
neg_17,0,0,0
neg_18,0,0,0
neg_19,0,0,0
neg_20,0,0,0
neg_21,0,0,0
neg_22,0,0,0
neg_23,0,0,0
neg_24,1,0,1
neg_25,0,0,0
neg_26,0,0,0
neg_27,0,0,0
neg_28,0,0,0
neg_29,1,0,1
neg_30,0,0,0
neg_31,1,0,0
neg_32,0,0,0
neg_33,0,0,0
neg_34,0,0,0
neg_35,0,0,0
neg_36,0,0,0
neg_37,1,1,0
neg_38,1,0,1
neg_39,0,0,0
neg_40,0,0,0
neg_41,1,0,0
neg_42,0,0,0
neg_43,0,0,0
neg_44,0,0,0
neg_45,0,0,0
neg_46,0,0,0
neg_47,1,0,1
neg_48,0,0,0
neg_49,0,0,0
neg_50,0,0,0
neg_51,1,0,1
neg_52,0,0,0
neg_53,0,0,0
neg_54,1,0,1
neg_55,0,0,0
neg_56,0,0,0
neg_57,0,0,0
neg_58,0,0,0
neg_59,1,0,1
neg_60,0,0,0
neg_61,0,0,0
neg_62,0,0,0
neg_63,1,0,1
neg_64,0,0,0
neg_65,0,0,0
neg_66,0,0,0
neg_67,0,0,0
neg_68,0,0,0
neg_69,0,0,0
neg_70,0,0,0
neg_71,0,0,0
neg_72,0,0,0
neg_73,0,0,0
neg_74,0,0,0
neg_75,0,0,0
neg_76,0,0,0
neg_77,1,0,1
neg_78,1,0,1
neg_79,0,0,0
neg_80,0,0,0
neg_81,1,0,1
neg_82,0,0,0
neg_83,0,0,0
neg_84,0,0,0
neg_85,0,0,0
neg_86,0,0,0
neg_87,0,0,0
neg_88,1,0,0
neg_89,0,0,0
neg_90,0,0,0
neg_91,0,0,0
neg_92,0,0,0
neg_93,0,0,0
neg_94,0,0,0
neg_95,0,0,0
neg_96,0,0,0
neg_97,1,1,0
neg_98,1,0,1
neg_99,0,0,0
neg_100,1,0,1
neg_101,0,0,0
neg_102,0,0,0
neg_103,0,0,0
neg_104,0,0,0
neg_105,0,0,0
neg_106,0,0,0
neg_107,1,1,1
neg_108,1,0,1
neg_109,0,0,0
neg_110,0,0,0
neg_111,0,0,0
neg_112,0,0,0
neg_113,0,0,0
neg_114,0,0,0
neg_115,0,0,0
neg_116,0,0,0
neg_117,0,0,0
neg_118,1,1,0
neg_119,0,0,0
neg_120,0,0,0
neg_121,0,0,0
neg_122,0,0,0
neg_123,0,0,0
neg_124,0,0,0
neg_125,0,0,0
neg_126,1,0,1
neg_127,0,0,0
neg_128,0,0,0
neg_129,1,1,0
neg_130,0,0,0
neg_131,0,0,0
neg_132,1,0,1
neg_133,1,1,0
neg_134,0,0,0
neg_135,0,0,0
neg_136,0,0,0
neg_137,0,0,0
neg_138,0,0,0
neg_139,0,0,0
neg_140,0,0,0
neg_141,0,0,0
neg_142,1,1,0
neg_143,0,0,0
neg_144,0,0,0
neg_145,0,0,0
neg_146,1,0,0
neg_147,0,0,0
neg_148,0,0,0
neg_149,0,0,0
neg_150,0,0,0
neg_151,0,0,0
neg_152,0,0,0
neg_153,0,0,0
neg_154,0,0,0
neg_155,0,0,0
neg_156,0,0,0
neg_157,1,0,0
neg_158,0,0,0
neg_159,0,0,0
neg_160,1,1,0
neg_161,0,0,0
neg_162,0,0,0
neg_163,0,0,0
neg_164,0,0,0
neg_165,0,0,0
neg_166,0,0,0
neg_167,0,0,0
neg_168,0,0,0
neg_169,0,0,0
neg_170,1,0,0
neg_171,0,0,0
neg_172,0,0,0
neg_173,0,0,0
neg_174,1,1,0
neg_175,1,1,1
neg_176,0,0,0
neg_177,1,0,1
neg_178,0,0,0
neg_179,0,0,0
neg_180,0,0,0
neg_181,0,0,0
neg_182,0,0,0
neg_183,1,0,1
neg_184,0,0,0
neg_185,1,1,0
neg_186,0,0,0
neg_187,0,0,0
neg_188,0,0,0
neg_189,1,1,0
neg_190,0,0,0
neg_191,1,1,1
neg_192,0,0,0
neg_193,0,0,0
neg_194,0,0,0
neg_195,1,0,0
neg_196,0,0,0
neg_197,0,0,0
neg_198,0,0,0
neg_199,1,0,1
neg_200,0,0,0
neg_201,0,0,0
neg_202,0,0,0
neg_203,0,0,0
neg_204,0,0,0
neg_205,1,0,1
neg_206,0,0,0
neg_207,0,0,0
neg_208,1,0,1
neg_209,0,0,0
neg_210,0,0,0
neg_211,0,0,0
neg_212,0,0,0
neg_213,0,0,0
neg_214,0,0,0
neg_215,0,0,0
neg_216,0,0,0
neg_217,0,0,0
neg_218,0,0,0
neg_219,0,0,0
neg_220,0,0,0
neg_221,1,1,0
neg_222,1,0,1
neg_223,0,0,0
neg_224,1,0,1
neg_225,0,0,0
neg_226,0,0,0
neg_227,0,0,0
neg_228,0,0,0
neg_229,0,0,0
neg_230,0,0,0
neg_231,0,0,0
neg_232,0,0,0
neg_233,0,0,0
neg_234,0,0,0
neg_235,0,0,0
neg_236,0,0,0
neg_237,1,0,1
neg_238,1,0,1
neg_239,0,0,0
neg_240,0,0,0
neg_241,0,0,0
neg_242,0,0,0
neg_243,1,0,1
neg_244,0,0,0
neg_245,0,0,0
neg_246,1,0,1
neg_247,0,0,0
neg_248,0,0,0
neg_249,0,0,0
neg_250,0,0,0
neg_251,0,0,0
neg_252,0,0,0
neg_253,0,0,0
neg_254,0,0,0
neg_255,0,0,0
neg_256,0,0,0
neg_257,0,0,0
neg_258,0,0,0
neg_259,0,0,0
neg_260,1,0,1
neg_261,0,0,0
neg_262,1,0,1
neg_263,1,0,1
neg_264,0,0,0
neg_265,0,0,0
neg_266,0,0,0
neg_267,1,0,1
neg_268,0,0,0
neg_269,0,0,0
neg_270,0,0,0
neg_271,0,0,0
neg_272,0,0,0
neg_273,0,0,0
neg_274,1,0,1
neg_275,0,0,0
neg_276,0,0,0
neg_277,0,0,0
neg_278,1,0,1
neg_279,0,0,0
neg_280,1,0,1
neg_281,0,0,0
neg_282,0,0,0
neg_283,0,0,0
neg_284,0,0,0
neg_285,0,0,0
neg_286,0,0,0
neg_287,0,0,0
neg_288,1,0,1
neg_289,0,0,0
neg_290,1,1,0
neg_291,0,0,0
neg_292,0,0,0
neg_293,1,0,1
neg_294,0,0,0
neg_295,0,0,0
neg_296,1,0,1
neg_297,0,0,0
neg_298,0,0,0
neg_299,0,0,0
neg_300,0,0,0
neg_301,0,0,0
neg_302,0,0,0
neg_303,1,0,0
neg_304,1,1,1
neg_305,1,0,1
neg_306,1,0,1
neg_307,0,0,0
neg_308,0,0,0
neg_309,1,0,1
neg_310,0,0,0
neg_311,0,0,0
neg_312,0,0,0
neg_313,0,0,0
neg_314,0,0,0
neg_315,1,1,0
neg_316,0,0,0
neg_317,1,0,1
neg_318,0,0,0
neg_319,0,0,0
neg_320,0,0,0
neg_321,1,1,0
neg_322,0,0,0
neg_323,1,1,0
neg_324,0,0,0
neg_325,1,0,1
neg_326,0,0,0
neg_327,0,0,0
neg_328,0,0,0
neg_329,1,0,0
neg_330,0,0,0
neg_331,0,0,0
neg_332,0,0,0
neg_333,0,0,0
neg_334,0,0,0
neg_335,0,0,0
neg_336,1,0,1
neg_337,0,0,0
neg_338,0,0,0
neg_339,0,0,0
neg_340,0,0,0
neg_341,0,0,0
neg_342,0,0,0
neg_343,0,0,0
neg_344,0,0,0
neg_345,0,0,0
neg_346,0,0,0
neg_347,0,0,0
neg_348,0,0,0
neg_349,0,0,0
neg_350,0,0,0
neg_351,0,0,0
neg_352,1,0,1
neg_353,1,1,0
neg_354,0,0,0
neg_355,1,1,0
neg_356,1,0,1
neg_357,0,0,0
neg_358,1,0,1
neg_359,0,0,0
neg_360,0,0,0
neg_361,0,0,0
neg_362,0,0,0
neg_363,0,0,0
neg_364,1,0,1
neg_365,0,0,0
neg_366,0,0,0
neg_367,0,0,0
neg_368,0,0,0
neg_369,0,0,0
neg_370,0,0,0
neg_371,0,0,0
neg_372,0,0,0
neg_373,1,0,1
neg_374,0,0,0
neg_375,0,0,0
neg_376,1,0,1
neg_377,0,0,0
neg_378,0,0,0
neg_379,0,0,0
neg_380,0,0,0
neg_381,0,0,0
neg_382,0,0,0
neg_383,1,0,0
neg_384,0,0,0
neg_385,0,0,0
neg_386,1,0,1
neg_387,0,0,0
neg_388,0,0,0
neg_389,0,0,0
neg_390,1,0,1
neg_391,0,0,0
neg_392,1,0,0
neg_393,0,0,0
neg_394,1,0,1
neg_395,0,0,0
neg_396,0,0,0
neg_397,0,0,0
neg_398,0,0,0
neg_399,0,0,0
neg_400,0,0,0
neg_401,0,0,0
neg_402,0,0,0
neg_403,0,0,0
neg_404,0,0,0
neg_405,0,0,0
neg_406,1,1,0
neg_407,0,0,0
neg_408,1,0,1
neg_409,1,0,1
neg_410,0,0,0
neg_411,0,0,0
neg_412,0,0,0
neg_413,0,0,0
neg_414,0,0,0
neg_415,0,0,0
neg_416,0,0,0
neg_417,1,1,0
neg_418,0,0,0
neg_419,1,0,0
neg_420,1,0,1
neg_421,1,0,1
neg_422,0,0,0
neg_423,1,0,1
neg_424,0,0,0
neg_425,0,0,0
neg_426,0,0,0
neg_427,0,0,0
neg_428,0,0,0
neg_429,0,0,0
neg_430,0,0,0
neg_431,1,1,0
neg_432,0,0,0
neg_433,0,0,0
neg_434,0,0,0
neg_435,0,0,0
neg_436,0,0,0
neg_437,0,0,0
neg_438,1,0,1
neg_439,1,0,0
neg_440,0,0,0
neg_441,0,0,0
neg_442,0,0,0
neg_443,0,0,0
neg_444,0,0,0
neg_445,1,0,1
neg_446,0,0,0
neg_447,0,0,0
neg_448,0,0,0
neg_449,0,0,0
neg_450,0,0,0
neg_451,0,0,0
neg_452,1,0,1
neg_453,0,0,0
neg_454,0,0,0
neg_455,0,0,0
neg_456,0,0,0
neg_457,1,1,0
neg_458,0,0,0
neg_459,0,0,0
neg_460,0,0,0
neg_461,0,0,0
neg_462,0,0,0
neg_463,0,0,0
neg_464,0,0,0
neg_465,0,0,0
neg_466,1,0,1
neg_467,0,0,0
neg_468,0,0,0
neg_469,0,0,0
neg_470,1,0,0
neg_471,0,0,0
neg_472,0,0,0
neg_473,0,0,0
neg_474,0,0,0
neg_475,0,0,0
neg_476,0,0,0
neg_477,0,0,0
neg_478,0,0,0
neg_479,0,0,0
neg_480,0,0,0
neg_481,0,0,0
neg_482,1,0,1
neg_483,0,0,0
neg_484,0,0,0
neg_485,0,0,0
neg_486,1,0,1
neg_487,1,0,1
neg_488,1,0,1
neg_489,1,0,0
neg_490,1,0,1
neg_491,1,0,1
neg_492,1,0,1
neg_493,1,0,1
neg_494,1,1,0
neg_495,0,0,0
neg_496,0,0,0
neg_497,0,0,0
neg_498,0,0,0
neg_499,1,1,1
neg_500,0,0,0
neg_501,0,0,0
neg_502,1,1,0
neg_503,0,0,0
neg_504,0,0,0
neg_505,0,0,0
neg_506,1,0,1
neg_507,0,0,0
neg_508,0,0,0
neg_509,0,0,0
neg_510,1,0,1
neg_511,1,0,1
neg_512,0,0,0
neg_513,0,0,0
neg_514,0,0,0
neg_515,0,0,0
neg_516,0,0,0
neg_517,0,0,0
neg_518,0,0,0
neg_519,0,0,0
neg_520,1,0,0
neg_521,0,0,0
neg_522,1,0,1
neg_523,0,0,0
neg_524,0,0,0
neg_525,0,0,0
neg_526,0,0,0
neg_527,0,0,0
neg_528,0,0,0
neg_529,0,0,0
neg_530,0,0,0
neg_531,0,0,0
neg_532,0,0,0
neg_533,0,0,0
neg_534,0,0,0
neg_535,1,0,0
neg_536,0,0,0
neg_537,0,0,0
neg_538,0,0,0
neg_539,0,0,0
neg_540,1,0,0
neg_541,0,0,0
neg_542,0,0,0
neg_543,1,0,1
neg_544,0,0,0
neg_545,0,0,0
neg_546,0,0,0
neg_547,1,1,0
neg_548,0,0,0
neg_549,0,0,0
neg_550,0,0,0
neg_551,0,0,0
neg_552,0,0,0
neg_553,0,0,0
neg_554,0,0,0
neg_555,1,0,1
neg_556,0,0,0
neg_557,0,0,0
neg_558,0,0,0
neg_559,0,0,0
neg_560,0,0,0
neg_561,0,0,0
neg_562,0,0,0
neg_563,1,0,1
neg_564,1,0,0
neg_565,0,0,0
neg_566,0,0,0
neg_567,0,0,0
neg_568,0,0,0
neg_569,0,0,0
neg_570,0,0,0
neg_571,0,0,0
neg_572,0,0,0
neg_573,0,0,0
neg_574,0,0,0
neg_575,0,0,0
neg_576,0,0,0
neg_577,0,0,0
neg_578,1,0,1
neg_579,0,0,0
neg_580,0,0,0
neg_581,0,0,0
neg_582,0,0,0
neg_583,0,0,0
neg_584,0,0,0
neg_585,0,0,0
neg_586,1,0,1
neg_587,0,0,0
neg_588,0,0,0
neg_589,0,0,0
neg_590,0,0,0
neg_591,0,0,0
neg_592,0,0,0
neg_593,1,0,0
neg_594,0,0,0
neg_595,0,0,0
neg_596,0,0,0
neg_597,0,0,0
neg_598,0,0,0
neg_599,0,0,0
neg_600,0,0,0
neg_601,0,0,0
neg_602,1,1,0
neg_603,0,0,0
neg_604,0,0,0
neg_605,1,0,1
neg_606,0,0,0
neg_607,0,0,0
neg_608,1,1,0
neg_609,1,0,0
neg_610,0,0,0
neg_611,0,0,0
neg_612,0,0,0
neg_613,0,0,0
neg_614,1,0,1
neg_615,0,0,0
neg_616,0,0,0
neg_617,1,0,1
neg_618,0,0,0
neg_619,0,0,0
neg_620,0,0,0
neg_621,0,0,0
neg_622,0,0,0
neg_623,1,0,1
neg_624,0,0,0
neg_625,0,0,0
neg_626,0,0,0
neg_627,0,0,0
neg_628,0,0,0
neg_629,0,0,0
neg_630,0,0,0
neg_631,0,0,0
neg_632,0,0,0
neg_633,0,0,0
neg_634,0,0,0
neg_635,0,0,0
neg_636,0,0,0
neg_637,0,0,0
neg_638,0,0,0
neg_639,0,0,0
neg_640,0,0,0
neg_641,0,0,0
neg_642,0,0,0
neg_643,1,0,0
neg_644,0,0,0
neg_645,0,0,0
neg_646,0,0,0
neg_647,0,0,0
neg_648,1,0,1
neg_649,0,0,0
neg_650,1,0,1
neg_651,0,0,0
neg_652,0,0,0
neg_653,0,0,0
neg_654,0,0,0
neg_655,0,0,0
neg_656,0,0,0
neg_657,0,0,0
neg_658,0,0,0
neg_659,0,0,0
neg_660,0,0,0
neg_661,0,0,0
neg_662,0,0,0
neg_663,0,0,0
neg_664,0,0,0
neg_665,0,0,0
neg_666,0,0,0
neg_667,0,0,0
neg_668,1,0,0
neg_669,0,0,0
neg_670,1,0,1
neg_671,0,0,0
neg_672,1,1,0
neg_673,0,0,0
neg_674,0,0,0
neg_675,0,0,0
neg_676,1,0,1
neg_677,1,0,1
neg_678,1,0,1
neg_679,0,0,0
neg_680,0,0,0
neg_681,0,0,0
neg_682,0,0,0
neg_683,1,1,0
neg_684,0,0,0
neg_685,0,0,0
neg_686,0,0,0
neg_687,0,0,0
neg_688,0,0,0
neg_689,0,0,0
neg_690,1,0,1
neg_691,1,0,1
neg_692,0,0,0
neg_693,0,0,0
neg_694,0,0,0
neg_695,0,0,0
neg_696,0,0,0
neg_697,0,0,0
neg_698,0,0,0
neg_699,1,0,1
neg_700,0,0,0
neg_701,0,0,0
neg_702,0,0,0
neg_703,0,0,0
neg_704,0,0,0
neg_705,0,0,0
neg_706,1,1,0
neg_707,1,0,1
neg_708,0,0,0
neg_709,0,0,0
neg_710,1,0,1
neg_711,0,0,0
neg_712,0,0,0
neg_713,0,0,0
neg_714,0,0,0
neg_715,0,0,0
neg_716,0,0,0
neg_717,1,1,0
neg_718,0,0,0
neg_719,0,0,0
neg_720,1,0,0
neg_721,0,0,0
neg_722,0,0,0
neg_723,0,0,0
neg_724,0,0,0
neg_725,0,0,0
neg_726,0,0,0
neg_727,0,0,0
neg_728,1,0,1
neg_729,0,0,0
neg_730,0,0,0
neg_731,0,0,0
neg_732,1,0,0
neg_733,1,0,1
neg_734,0,0,0
neg_735,0,0,0
neg_736,0,0,0
neg_737,0,0,0
neg_738,0,0,0
neg_739,0,0,0
neg_740,0,0,0
neg_741,0,0,0
neg_742,0,0,0
neg_743,0,0,0
neg_744,0,0,0
neg_745,1,0,1
neg_746,0,0,0
neg_747,0,0,0
neg_748,1,1,1
neg_749,0,0,0
neg_750,0,0,0
neg_751,0,0,0
neg_752,0,0,0
neg_753,0,0,0
neg_754,0,0,0
neg_755,0,0,0
neg_756,0,0,0
neg_757,0,0,0
neg_758,0,0,0
neg_759,0,0,0
neg_760,0,0,0
neg_761,0,0,0
neg_762,1,1,1
neg_763,1,1,0
neg_764,0,0,0
neg_765,0,0,0
neg_766,0,0,0
neg_767,1,0,1
neg_768,0,0,0
neg_769,0,0,0
neg_770,0,0,0
neg_771,1,0,0
neg_772,1,1,0
neg_773,0,0,0
neg_774,0,0,0
neg_775,0,0,0
neg_776,0,0,0
neg_777,0,0,0
neg_778,0,0,0
neg_779,0,0,0
neg_780,1,0,1
neg_781,1,0,0
neg_782,0,0,0
neg_783,1,0,1
neg_784,0,0,0
neg_785,1,0,1
neg_786,0,0,0
neg_787,0,0,0
neg_788,1,1,0
neg_789,0,0,0
neg_790,0,0,0
neg_791,0,0,0
neg_792,0,0,0
neg_793,0,0,0
neg_794,0,0,0
neg_795,1,1,1
neg_796,0,0,0
neg_797,0,0,0
neg_798,1,0,0
neg_799,0,0,0
neg_800,1,0,1
neg_801,0,0,0
neg_802,0,0,0
neg_803,0,0,0
neg_804,1,0,1
neg_805,0,0,0
neg_806,0,0,0
neg_807,0,0,0
neg_808,1,0,1
neg_809,0,0,0
neg_810,0,0,0
neg_811,0,0,0
neg_812,0,0,0
neg_813,0,0,0
neg_814,0,0,0
neg_815,0,0,0
neg_816,1,1,0
neg_817,0,0,0
neg_818,0,0,0
neg_819,0,0,0
neg_820,0,0,0
neg_821,1,0,1
neg_822,0,0,0
neg_823,0,0,0
neg_824,0,0,0
neg_825,0,0,0
neg_826,0,0,0
neg_827,0,0,0
neg_828,0,0,0
neg_829,1,0,1
neg_830,0,0,0
neg_831,0,0,0
neg_832,0,0,0
neg_833,0,0,0
neg_834,1,0,1
neg_835,0,0,0
neg_836,0,0,0
neg_837,0,0,0
neg_838,1,0,0
neg_839,0,0,0
neg_840,1,0,1
neg_841,1,0,1
neg_842,0,0,0
neg_843,0,0,0
neg_844,0,0,0
neg_845,0,0,0
neg_846,0,0,0
neg_847,0,0,0
neg_848,1,0,0
neg_849,0,0,0
neg_850,0,0,0
neg_851,1,0,1
neg_852,0,0,0
neg_853,0,0,0
neg_854,0,0,0
neg_855,0,0,0
neg_856,0,0,0
neg_857,0,0,0
neg_858,0,0,0
neg_859,0,0,0
neg_860,0,0,0
neg_861,0,0,0
neg_862,0,0,0
neg_863,1,0,0
neg_864,1,0,0
neg_865,0,0,0
neg_866,0,0,0
neg_867,0,0,0
neg_868,0,0,0
neg_869,1,0,1
neg_870,0,0,0
neg_871,1,1,0
neg_872,0,0,0
neg_873,0,0,0
neg_874,0,0,0
neg_875,0,0,0
neg_876,0,0,0
neg_877,0,0,0
neg_878,0,0,0
neg_879,0,0,0
neg_880,0,0,0
neg_881,0,0,0
neg_882,0,0,0
neg_883,0,0,0
neg_884,1,0,1
neg_885,1,1,0
neg_886,0,0,0
neg_887,0,0,0
neg_888,1,0,1
neg_889,1,0,1
neg_890,0,0,0
neg_891,0,0,0
neg_892,0,0,0
neg_893,1,0,1
neg_894,0,0,0
neg_895,1,0,1
neg_896,0,0,0
neg_897,0,0,0
neg_898,0,0,0
neg_899,0,0,0
neg_900,1,0,1
neg_901,0,0,0
neg_902,0,0,0
neg_903,0,0,0
neg_904,0,0,0
neg_905,0,0,0
neg_906,1,0,1
neg_907,1,0,1
neg_908,0,0,0
neg_909,0,0,0
neg_910,1,1,0
neg_911,0,0,0
neg_912,0,0,0
neg_913,0,0,0
neg_914,1,0,1
neg_915,0,0,0
neg_916,0,0,0
neg_917,1,0,1
neg_918,0,0,0
neg_919,0,0,0
neg_920,0,0,0
neg_921,0,0,0
neg_922,0,0,0
neg_923,0,0,0
neg_924,0,0,0
neg_925,0,0,0
neg_926,0,0,0
neg_927,0,0,0
neg_928,0,0,0
neg_929,1,0,0
neg_930,0,0,0
neg_931,0,0,0
neg_932,0,0,0
neg_933,0,0,0
neg_934,0,0,0
neg_935,0,0,0
neg_936,0,0,0
neg_937,0,0,0
neg_938,1,0,1
neg_939,0,0,0
neg_940,0,0,0
neg_941,0,0,0
neg_942,0,0,0
neg_943,0,0,0
neg_944,0,0,0
neg_945,1,0,1
neg_946,0,0,0
neg_947,0,0,0
neg_948,0,0,0
neg_949,0,0,0
neg_950,0,0,0
neg_951,0,0,0
neg_952,1,0,1
neg_953,1,0,1
neg_954,0,0,0
